id,group,year,title,n_authors,pages_catalogue,abstract_words,title_has_colon,title_has_question,words_total,pages_ff,refs_n,refs_n_alt,refs_top_journal,refs_JF,refs_JFE,refs_RFS,refs_working_paper,refs_web_sources,refs_found,intro_words,intro_has_question,intro_rq_phrase,intro_results_preview,intro_contrib,intro_numbers,rq_phrase_count,anchor_phrases,contrib_phrases,null_language,robustness_mentions,placebo,pretrend,swedish_mentions,nordic_mentions,policy_mentions,qualitative_mentions,hypotheses_n,tables_max,figures_max,t_stats,has_toc,m_did,m_event_study,m_rdd,m_iv,m_fixed_effects,m_fama_macbeth,m_panel,m_logit_probit,m_garch_var,m_portfolio_sorts,m_survey_interview,m_case_study,m_machine_learning,m_structural_model,src_crsp_compustat,src_wrds,src_bloomberg,src_datastream_refinitiv,src_shof,src_morningstar,src_hand_collected,src_statistics_sweden,src_finansinspektionen,src_capital_iq_orbis,cites_in_text
1000,non_winner,2010,Do Acquirers Offer a Higher Bid Premium to Target Companies as Their Demand Increases?: The Effect of Percent Sought on the Announced Bid Premium ,2,77,155,1,1,30007,77,96,94,21,9,11,0,6,0,1,858,1,0,0,0,2,1,0,5,9,12,0,0,81,0,2,1,1,18,2,106,0,1,0,0,0,3,0,0,0,0,0,2,0,0,0,0,0,64,5,0,0,0,0,0,14,25
1002,non_winner,2010,Illiquidity pricing and the drivers of market liquidity: Evidence from the Swedish market ,2,36,200,1,0,14701,39,90,89,44,18,8,4,13,8,1,606,0,0,0,0,0,0,4,0,11,6,0,0,96,0,4,0,0,0,0,225,0,0,0,0,0,0,4,1,0,0,0,0,0,0,0,0,0,0,5,0,0,0,6,0,0,23
1003,non_winner,2010,How to generate abnormal returns: An examination of how two famous trading strategies worked during the last two decades ,2,57,84,1,0,17420,57,41,40,21,12,5,0,1,0,1,191,1,0,0,0,0,0,0,0,7,1,0,0,0,0,0,0,0,12,0,0,0,1,0,0,0,0,3,0,0,0,0,1,0,0,0,12,0,0,0,0,0,0,0,0,0,17
1004,non_winner,2010,Abnormal return prior to tender offers on the Swedish Stock Market,2,58,154,0,0,16085,57,55,44,13,9,0,2,2,21,1,270,0,0,0,0,0,0,0,0,4,0,0,0,63,5,10,0,0,0,0,391,0,11,5,0,0,0,0,0,0,0,0,0,0,0,0,0,0,2,2,0,0,0,0,2,0,30
1005,non_winner,2010,Sphere Performance and the Financial Crisis 2008-2009 - Evidence from the OMXS,2,64,249,0,0,21833,64,37,35,10,4,3,0,5,6,1,2275,1,0,1,0,1,0,1,0,13,14,0,0,50,0,0,4,0,14,1,243,0,58,0,0,0,4,0,1,0,0,0,0,0,0,0,1,0,0,2,0,0,0,0,0,0,0
1006,non_winner,2010,"Equity Transmission Effects and Autocorrelations across the U.S., the Eurozone and Japan",2,68,147,0,0,17362,70,41,41,7,3,0,1,2,8,1,577,0,0,0,0,0,0,0,0,6,0,0,0,5,2,0,1,0,8,5,16,1,1,0,0,0,0,0,0,0,0,0,0,0,0,0,3,0,3,1,0,0,0,0,0,0,22
1008,non_winner,2010,Predicting the smile: A study on the properties of the volatility surface of S&P Composite 500 Index option ,2,45,150,1,0,12977,45,30,28,6,2,1,1,1,6,1,702,1,0,0,1,0,0,1,2,3,0,0,0,1,0,0,2,0,18,0,1,0,1,0,0,0,0,0,0,0,2,0,0,0,0,0,0,0,0,5,0,0,0,0,0,0,18
1009,non_winner,2010,Ingredient hedging and firm value: A study of agricultural commodity price exposures ,2,44,271,1,0,16727,44,34,31,7,3,0,2,0,2,1,1470,0,0,1,0,0,0,2,0,14,0,0,0,2,0,0,1,0,0,0,9,0,4,0,0,0,0,0,0,0,0,0,0,0,0,0,3,0,0,1,0,0,0,0,0,0,29
1010,non_winner,2010,"Risk, Price Level and Return in the Swedish Housing Market: A Panel and Cross-Sectional Analysis",2,45,100,1,0,11008,43,26,24,6,3,1,0,2,12,1,401,1,0,0,0,1,0,0,1,4,0,0,0,61,0,0,0,0,19,5,90,1,1,0,0,0,15,0,40,0,0,2,0,0,0,0,0,0,0,0,0,0,0,27,0,0,0
1011,non_winner,2010,IPO Share Lockups-Unlock Day Effect: An empirical study on Nordic data ,2,22,89,1,0,7266,22,25,17,8,3,1,1,4,0,1,943,0,0,0,0,1,0,0,0,2,1,0,0,19,55,1,0,0,0,0,21,0,3,3,0,0,0,0,0,0,0,0,0,0,0,0,0,0,0,1,0,0,3,0,0,0,1
1013,non_winner,2010,Private Ownership and Stock Performance,2,20,105,0,0,6552,20,21,16,8,2,3,0,1,0,1,954,1,0,0,1,0,0,2,2,3,3,0,0,10,0,0,0,0,1,0,7,0,6,0,0,0,0,0,0,0,0,3,0,0,0,0,0,0,0,5,0,0,0,0,0,0,9
1014,non_winner,2010,The Effect of Managerial Turnover on Stock Performance,2,60,148,0,0,20510,60,79,78,43,18,10,2,1,0,1,1288,0,0,0,0,0,0,1,0,8,2,0,0,30,3,0,0,2,12,0,0,0,2,35,0,0,0,13,0,0,0,0,2,1,0,0,0,0,0,6,0,0,0,0,0,0,14
1016,non_winner,2010,Global Stock Market Contagion: A study of the transmission mechanism of shocks during the 2008 financial crisis ,2,27,108,1,0,6953,27,19,19,8,4,0,4,1,2,1,666,0,0,0,0,0,0,1,0,2,0,0,0,5,7,0,0,0,4,4,0,1,1,0,0,0,0,0,0,0,6,0,0,0,0,0,0,0,0,1,0,0,0,0,0,0,11
1019,non_winner,2010,The Implication of Payout Policy on Stock Performance,2,40,177,0,0,15980,40,12,10,5,2,3,0,2,0,1,898,1,0,0,0,0,1,2,0,13,0,0,0,2,0,0,1,0,14,4,0,0,8,0,0,0,1,0,16,0,0,1,0,0,0,0,6,0,0,0,0,0,0,0,0,0,0
1020,non_winner,2010,Herd Behaviour and Preying on the Weak - On Price Dispersion and the Intra-Distribution Mobility of Retailers in the Swedish Online Market,2,36,131,0,0,13846,36,56,35,0,0,0,0,0,0,1,966,0,0,1,0,0,0,0,0,1,0,0,0,8,0,1,1,0,7,4,3,1,2,0,0,0,0,0,0,0,6,0,0,0,0,0,0,0,0,0,0,0,0,0,0,0,12
1025,non_winner,2010,Momentum under different market climates: Evidence from the South African market,2,36,141,1,0,14325,36,33,29,16,11,1,0,2,14,1,,,,,,,0,2,0,3,1,0,0,3,1,1,0,1,8,0,28,0,2,0,0,0,0,0,0,0,0,0,0,0,0,0,0,0,0,3,0,0,0,0,0,0,4
1027,non_winner,2010,Dodging the Leveraged ETF Bullet - An Innovative Trading Strategy,2,39,215,0,0,18055,39,15,0,0,0,0,0,1,19,1,656,0,0,0,0,0,0,19,2,0,0,0,0,8,0,1,2,0,6,4,0,0,0,0,0,0,0,0,0,0,0,0,3,0,0,0,0,0,1,0,0,0,0,0,0,0,0
1028,non_winner,2010,The Decoupling of the CDS and Bond Markets: An Empirical Study of the CDS-Bond Basis of the Credit Crisis,2,40,128,1,0,18021,40,76,67,25,14,4,5,18,0,1,267,0,0,0,0,0,0,3,2,9,4,0,0,0,0,1,0,0,5,3,196,1,0,0,0,0,1,0,2,0,1,0,0,1,0,19,2,6,1,5,0,0,0,0,0,0,20
1045,non_winner,2010,The New Swedish Beta: A Study of Single-Factor Domestic CAPM Mispricing by Swedish Industry ,1,24,107,1,0,7554,24,12,12,5,2,1,0,1,0,1,,,,,,,1,1,0,1,0,0,0,63,0,1,0,0,4,0,0,0,0,1,0,0,0,0,0,0,0,0,0,0,0,0,0,0,0,4,0,0,0,0,0,0,0
1112,non_winner,2010,"Corporate Governance Codes, Board Evaluations, and Director Turnover: A Study on Scandinavian Boards of Directors",1,47,204,1,0,15168,49,57,57,6,3,0,0,5,6,1,532,1,0,0,0,0,0,1,0,4,0,0,0,75,54,4,0,3,5,0,0,1,2,0,0,0,40,0,0,0,0,0,36,1,0,0,0,0,0,1,0,0,0,0,0,0,28
1250,non_winner,2011,Co-op Debt and the Pricing of Apartments,2,28,191,0,0,10491,28,31,27,4,0,0,0,7,13,1,475,1,0,0,0,0,0,0,0,3,0,0,0,76,1,43,0,0,4,5,116,0,6,0,0,0,9,0,0,0,0,0,1,0,0,0,0,0,0,0,0,0,0,17,2,0,5
1252,non_winner,2011,Conversion of municipal rental units into cooperatively owned dwellings - an empirical study of which factors that affect the price and the conversion decision,2,33,119,0,0,12095,33,36,28,0,0,0,0,0,6,1,416,0,0,0,0,0,0,1,1,9,2,0,0,77,0,6,0,0,6,0,0,0,2,0,0,0,0,0,0,4,0,0,1,0,0,0,0,0,0,0,0,0,0,4,0,0,42
1266,non_winner,2011,Exploring the Momentum Strategy,2,24,113,0,0,8981,24,22,21,13,12,0,1,0,0,1,1285,0,0,1,0,0,0,10,0,1,0,0,0,1,0,0,0,1,0,0,64,0,5,0,0,0,0,0,0,0,0,0,0,0,0,0,1,0,0,0,0,0,0,0,0,0,2
1267,non_winner,2011,The Distress Risk Puzzle in Turbulent Times - Default risk during the financial crises,2,23,167,0,0,8941,23,28,27,17,10,2,2,3,0,1,586,0,0,0,0,0,0,0,0,1,0,0,0,1,0,0,0,0,4,1,81,0,3,0,0,0,0,0,0,0,0,1,0,0,0,0,9,0,0,0,0,0,0,0,0,0,2
1268,non_winner,2011,Predictive Power of the Volatility Smile,2,35,149,0,0,10131,35,28,28,10,3,2,1,1,0,1,797,0,0,0,0,0,0,0,0,5,1,0,0,0,0,0,0,0,9,10,0,0,4,0,0,0,0,0,0,0,1,0,1,0,0,0,0,0,0,3,0,0,0,0,0,0,19
1269,non_winner,2011,Does a Local Advantage Exist in Private Equity?,2,35,145,0,1,18294,35,52,51,12,4,6,0,11,0,1,610,1,0,0,0,1,0,3,0,20,5,0,1,15,11,1,1,0,3,0,42,1,37,40,0,0,8,0,0,0,0,0,5,0,0,0,0,0,0,2,0,0,0,0,0,5,15
1270,non_winner,2011,Stock market cointegration in Europe,2,29,173,0,0,9875,29,24,23,6,2,0,0,0,0,1,415,0,0,0,0,0,0,0,1,0,1,0,1,19,0,1,0,0,7,3,51,0,0,0,0,0,0,0,0,0,1,0,0,0,0,0,0,0,0,1,0,0,0,0,0,0,3
1280,non_winner,2011,CEO - the explicit value,2,48,138,0,0,11906,48,6,0,0,0,0,0,1,0,1,678,1,0,0,0,1,0,2,0,18,1,0,0,25,7,0,1,0,8,0,124,0,12,1,0,1,8,0,1,1,0,0,1,0,0,0,0,0,0,0,0,0,0,4,0,0,0
1287,non_winner,2011,Secondary Buyouts and Industry Factors -  Can Secondary Buyouts across Industries be Explained by Mispricing?,2,54,131,0,1,19903,55,11,11,0,0,0,0,0,0,1,850,0,0,1,0,0,0,2,2,8,4,0,0,0,0,8,0,2,17,0,73,1,0,0,0,0,38,0,0,0,0,0,2,0,0,0,0,0,0,2,0,0,0,0,0,5,24
1288,non_winner,2011,Can the Momentum Strategy be Improved by Adding a Risk Measure?,2,35,223,0,1,12387,35,37,31,13,9,4,0,2,0,1,,,,,,,0,1,0,22,3,0,0,51,0,0,0,0,12,0,226,0,9,0,0,0,0,16,0,0,0,3,0,0,0,0,1,0,0,2,0,0,0,1,2,0,7
1289,non_winner,2011,A study of the risk-return relationship in the Swedish housing market: evidence from an H-CAPM model,2,48,179,1,0,17163,48,62,61,15,7,2,0,9,5,1,781,0,0,0,0,1,0,3,1,11,12,0,0,94,0,0,0,0,0,0,4,1,0,0,0,0,0,17,0,0,0,0,0,0,0,0,0,0,0,4,0,0,0,20,0,0,25
1297,non_winner,2011,"China-focused Mutual Funds: A Study of Performance, Selectivity and Market Timing",2,45,129,1,0,18130,45,38,38,15,9,2,2,1,4,1,1427,0,0,1,0,1,0,0,0,6,8,0,0,45,0,0,0,0,15,0,308,1,3,0,0,0,0,0,0,0,0,0,0,0,0,0,0,0,0,1,0,8,0,0,0,0,19
1299,non_winner,2011,The Determinants of Capital Structure - An Empirical Study of Differences between Swedish SMEs and Large Firms,2,40,147,0,0,12951,40,51,50,23,11,5,1,5,0,1,591,0,0,1,0,0,0,1,0,5,4,0,0,13,0,0,0,8,0,0,125,1,2,0,0,3,5,0,25,0,0,0,2,0,0,0,0,0,0,0,0,0,0,0,0,1,38
1300,non_winner,2011,Why do hedged mutual funds underperform hedge funds? A study of liquidity risk and IPO first-day returns,2,56,162,0,1,13316,56,33,26,10,3,6,0,3,14,1,971,0,0,0,1,0,0,1,1,7,7,0,0,3,0,10,0,0,18,4,521,0,0,0,0,0,0,0,0,0,0,0,0,0,0,0,4,3,0,0,0,0,0,0,0,0,19
1302,non_winner,2011,Safe haven currencies - An empirical study of the Swedish krona,2,42,140,0,0,14069,42,30,28,11,2,0,0,5,13,1,1291,1,1,1,0,0,1,1,0,3,2,0,0,172,5,0,0,1,3,7,29,1,0,0,0,0,0,0,0,0,1,0,1,0,0,0,0,0,0,2,0,0,0,0,0,0,25
1303,non_winner,2011,Trade fragmentation and its impact on pre-trade liquidity,2,62,165,0,0,23910,65,32,28,6,3,0,0,1,12,1,453,0,0,0,0,0,11,2,1,2,8,0,0,112,14,10,3,2,10,2,0,0,4,0,0,7,1,0,13,0,0,0,4,0,0,0,0,0,0,0,0,0,0,0,0,0,40
1304,non_winner,2011,Busy Directors and the Performance of Swedish Companies,2,32,113,0,0,10001,33,19,19,7,3,4,0,0,0,1,885,0,0,1,0,0,0,2,0,13,5,0,0,50,0,0,0,0,0,0,211,1,0,2,0,0,15,0,2,0,0,0,0,0,0,0,0,0,0,5,0,0,0,0,0,10,4
1305,non_winner,2011,Tick Size Reduction and Market Quality: The Stockholm Stock Exchange,2,49,171,1,0,17406,49,20,19,4,0,2,1,3,5,1,984,0,0,1,0,0,0,0,0,6,3,0,0,43,4,0,0,4,18,0,142,1,24,0,0,1,8,0,2,0,0,0,0,0,0,0,0,0,0,1,0,0,0,0,0,0,12
1306,non_winner,2011,Mutual Fund Performance and Number of Fund Managers: A Swedish Perspective,2,38,207,1,0,16720,38,42,42,24,13,2,2,0,0,1,441,0,0,0,0,0,0,6,0,14,19,0,0,56,0,0,0,0,0,0,1,1,1,0,0,0,0,0,1,0,0,0,0,0,0,0,0,0,1,0,0,11,0,0,0,0,1
1307,non_winner,2011,Analyst Recommendations: Price Impact and Stock Market Predictability,2,35,149,1,0,11828,35,21,18,11,7,1,0,0,3,1,680,1,1,1,0,0,3,0,0,10,2,0,0,53,1,0,0,0,0,0,21,1,0,17,0,0,0,0,1,0,0,0,0,0,0,0,0,0,0,2,0,0,0,0,0,0,0
1319,non_winner,2011,Do macroeconomic variables improve credit loss forecasting?,1,62,176,0,1,18622,62,30,27,0,0,0,0,4,4,1,310,0,0,0,0,0,0,0,0,4,2,0,0,50,4,15,8,0,5,7,2,1,1,0,0,0,7,0,63,0,0,0,18,0,0,3,0,0,0,0,0,0,0,1,3,0,20
1457,non_winner,2012,Commodities to Solve for the Swedish Pension Fund Deficit,2,48,183,0,0,12896,48,25,0,0,0,0,0,5,33,1,,,,,,,0,27,0,0,0,0,0,79,0,14,0,0,10,11,0,1,0,0,0,0,0,0,0,0,0,0,0,1,0,0,0,0,7,0,0,0,0,0,0,0,3
1462,non_winner,2012,"Dividend decision in closely held companies  -  An event study of the Swedish 3:12 chapter tax code changes on Jan 1, 2006",2,56,127,1,0,15710,56,9,9,1,0,0,0,0,12,1,639,0,0,1,0,0,0,0,0,3,5,1,1,156,1,40,0,0,3,2,0,1,30,12,0,0,9,0,1,0,0,0,0,0,0,0,0,0,0,0,0,0,0,3,0,0,0
1463,non_winner,2012,Mutual Fund Behavior in Volatile Markets - a Study of the Swedish Premium Pension System,2,46,146,0,0,16723,46,,,,,,,,,0,324,1,0,0,0,0,1,3,0,1,4,0,0,25,1,0,0,0,14,3,70,1,4,0,0,1,0,1,4,0,0,0,0,0,0,0,0,0,0,0,0,0,0,0,0,0,6
1474,non_winner,2012,"The impact of lobbying regulations on firms' financial performance, value and lobbying activities",2,58,206,0,0,18913,58,42,35,2,0,1,0,2,21,1,1459,0,0,1,1,0,0,5,2,6,3,0,0,0,0,118,1,0,7,15,6,1,7,21,0,0,2,0,0,0,0,0,3,0,0,0,11,0,0,0,0,0,0,0,0,0,24
1482,non_winner,2012,Implications of the Spanish Bankruptcy Reform on Corporate Cost of Debt,2,29,125,0,0,8970,29,15,0,7,4,1,1,0,2,1,1616,1,0,0,0,0,0,1,0,0,0,0,0,1,0,71,3,0,0,0,12,1,22,1,0,0,20,0,0,0,0,0,2,0,0,0,0,0,0,0,0,0,0,0,0,2,0
1637,non_winner,2012,The Need for Speed - The Importance of Low Latency in a High Frequency Trading Environment,2,41,114,0,0,12040,41,17,15,0,0,0,0,0,0,1,1734,1,1,0,0,1,2,0,0,6,0,0,0,2,0,0,0,0,6,5,1,1,4,0,0,0,0,0,0,0,1,0,4,0,0,0,0,0,0,0,0,0,0,0,0,0,5
1643,non_winner,2012,Impact of Recessions on Equity Mutual Fund Allocations,2,38,223,0,0,11980,38,14,14,3,3,0,0,6,10,1,1004,1,0,1,0,0,0,0,4,3,0,0,0,2,0,2,0,0,9,2,38,0,7,0,0,0,0,0,0,0,0,0,0,0,0,0,14,2,0,0,0,0,0,0,0,0,11
1645,non_winner,2012,The Ex Post Operating Performance of IPO Firms,2,58,185,0,0,22558,58,33,33,11,3,7,0,0,0,1,729,0,0,1,0,0,0,2,1,7,0,0,0,54,0,1,2,4,8,8,184,1,2,2,0,0,0,0,2,0,0,0,1,0,0,0,7,0,0,0,0,0,0,2,0,7,9
1646,non_winner,2012,The Diversification Discount in the Oil and Gas Industry: Marathon Corporation Downstream Demerger Case Study,2,48,178,1,0,15316,48,59,47,11,5,4,0,4,27,1,565,1,1,0,0,0,7,1,0,0,0,0,0,1,1,2,1,0,2,0,8,1,1,0,0,0,0,0,0,0,0,0,2,4,0,0,0,0,1,0,0,0,0,0,0,0,1
1647,non_winner,2012,The Impact of Regulations on Foreign Banks in China - A Case Study on Citi's Banking Business in China,2,40,81,0,0,11854,40,66,57,1,0,1,0,4,45,1,496,1,0,0,0,0,0,0,0,2,0,0,0,0,0,71,3,0,0,0,0,0,7,1,0,0,0,0,0,0,0,0,4,7,0,0,0,0,2,0,0,0,0,0,0,0,12
1648,non_winner,2012,How Do Individual Investors Take Risk? - A Study on Risk in Contribution-Defined Pension Plans,2,40,181,0,1,13843,39,21,21,8,4,0,0,0,2,1,1350,0,0,1,0,0,0,0,0,4,14,0,0,53,3,0,0,0,0,0,264,1,3,0,0,0,0,0,0,0,0,0,9,0,0,0,0,0,0,0,0,3,0,0,0,0,3
1649,non_winner,2012,The Competitive Evolution of Stock Exchanges - the case of NASDAQ OMX Stockholm,2,48,146,0,0,16840,48,66,3,6,1,2,0,5,32,1,,,,,,,1,0,0,0,0,0,0,346,64,23,3,0,0,0,0,1,3,0,0,0,0,0,0,0,0,0,11,7,0,0,0,0,0,0,0,0,0,0,1,0,23
1650,non_winner,2012,The Swedish housing mortgage reform's impact on house prices: A study of the development of Scandinavian house prices following the 85 percent mortgage cap in Sweden,2,37,161,1,0,13498,37,52,44,5,0,0,0,8,42,1,534,1,0,0,1,0,0,1,1,5,1,0,0,147,140,33,0,0,4,6,0,1,40,0,11,1,1,0,2,0,0,0,1,0,0,0,0,0,0,0,0,0,0,12,4,0,0
1654,non_winner,2012,Competitive effects of initial public offerings in Sweden,2,29,129,0,0,8722,29,14,14,12,5,4,1,0,0,1,1521,0,0,1,0,0,1,6,0,2,0,0,0,39,1,0,0,0,4,0,47,1,1,0,0,0,1,0,0,0,0,0,0,0,0,0,3,1,0,0,0,0,0,0,0,0,0
1655,non_winner,2012,Is Cash Really King? - Form of Payment and Bidder Abnormal Returns in the Swedish Takeover Market,2,39,153,0,1,12871,39,34,33,20,8,8,2,3,2,1,2217,0,0,1,0,3,0,0,0,11,0,0,0,57,4,0,1,0,0,0,39,0,0,8,0,0,4,0,0,0,0,0,1,0,0,0,0,0,0,4,0,0,0,3,2,0,4
1656,non_winner,2012,Propensity to Pay Dividends A Test of The Life Cycle Theory,2,37,245,0,0,13002,37,43,34,12,4,4,0,2,23,1,875,0,0,1,0,0,0,1,0,3,0,0,0,111,4,21,0,2,9,3,0,1,7,0,0,0,2,0,9,7,0,0,0,0,0,0,14,0,10,4,0,0,0,0,0,0,32
1657,non_winner,2012,Risk Shifting and Mutual Fund Performance: A Swedish Perspective,2,32,108,1,0,11339,32,63,60,35,16,5,6,1,24,1,351,0,0,0,0,0,0,8,0,1,0,0,0,91,0,2,0,0,7,2,0,1,0,0,0,0,0,0,0,0,0,0,0,0,0,0,0,0,3,3,0,22,1,0,0,0,2
1658,non_winner,2012,Labor Bargaining Power and Capital Structure: A Study of the Impact of Labor Bargaining Power on Financial Leverage in Sweden,2,50,153,1,0,19686,50,54,50,9,4,2,0,3,59,1,180,0,0,0,0,0,0,2,0,6,10,0,0,111,3,1,0,0,7,0,210,1,4,0,0,0,17,0,3,0,0,0,3,0,0,0,0,0,0,0,0,0,0,11,0,0,27
1659,non_winner,2012,Gender Diversity in Swedish Board Rooms - The 30 % Solution,2,45,137,0,0,16190,45,,,,,,,,,0,4948,1,0,1,0,0,0,1,0,13,6,0,0,66,9,1,1,0,12,3,113,1,1,0,0,0,29,0,0,0,0,0,2,0,0,0,0,0,0,1,0,0,0,5,0,1,20
1660,non_winner,2012,"Age is just a number, isn't it?  A study on the influences of executive age on corporate policy, the selection of CEOs and CEO employee tenure",2,30,153,0,1,8148,30,30,30,9,3,2,0,3,0,1,828,0,0,1,0,0,0,1,0,8,0,0,0,6,0,1,0,0,4,4,49,0,2,0,0,0,3,0,2,0,0,0,0,0,0,0,0,0,0,0,0,0,0,0,0,0,0
1661,non_winner,2012,How Is the Liquidity and Volatility Affected by Implementing Round Lot One? Evidence from the Stockholm Stock Exchange,2,47,118,0,1,17627,47,35,33,14,4,6,1,5,10,1,551,0,0,1,0,0,0,0,0,2,9,0,0,33,16,153,0,0,0,0,31,1,50,0,0,0,7,0,0,0,0,0,3,0,0,0,0,0,0,2,0,0,0,0,0,0,0
1662,non_winner,2012,Are Forward Contracts on Swedish Stocks Correctly Priced on NASDAQ OMX Nordic?,2,34,150,0,1,9032,34,20,19,3,2,0,1,1,7,1,289,0,0,0,0,0,0,0,0,6,0,0,0,35,16,0,0,0,13,0,2,0,0,0,0,0,0,0,0,0,0,0,0,0,0,0,0,0,0,0,0,0,0,0,0,0,0
1663,non_winner,2012,How Sweden Manages Fund Management - a descriptive and analytical assessment of central Swedish law and regulation concerning fund investment in the 1990-2007 period,2,54,185,0,0,43622,53,29,29,3,3,0,0,0,62,1,,,,,,,0,2,0,2,0,0,0,213,1,87,0,2,3,0,0,1,10,0,0,0,0,0,1,0,0,0,0,0,0,0,0,0,0,0,0,3,0,4,8,0,9
1664,non_winner,2012,Can Google Search Volume Data Help Predict Future Stock Measures?,2,42,187,0,1,22703,42,28,28,10,2,3,2,7,4,1,569,0,0,0,0,0,0,3,0,15,3,0,0,67,55,0,0,0,4,0,442,1,0,39,0,0,3,33,2,0,0,0,0,0,0,0,0,0,1,0,0,0,0,0,0,0,17
1665,non_winner,2012,A Case Study of a High Frequency Trading Firm,2,85,69,0,0,11666,85,30,24,3,2,0,0,2,21,1,,,,,,,0,0,0,0,0,0,0,34,12,0,1,0,3,6,3,1,1,0,0,0,1,0,0,0,1,0,0,1,1,0,0,0,1,0,0,0,0,0,0,0,2
1666,non_winner,2012,R&D and Future Stock Returns: A Study of Sweden in the Noughties Under IAS 38,2,35,209,1,0,13129,35,28,27,4,3,1,0,0,0,1,1161,0,1,1,0,0,5,3,1,3,14,0,0,50,0,0,0,3,0,0,167,0,0,0,0,0,1,0,0,0,0,0,0,0,0,0,2,0,0,15,0,0,0,0,0,14,10
1667,non_winner,2012,Alcoa - a Bellwether for the American Earnings Season?,2,36,189,0,1,16011,43,35,34,16,8,4,1,1,19,1,983,1,0,1,0,0,2,1,0,5,7,0,0,5,0,0,0,6,7,0,302,0,3,31,0,0,0,0,0,0,0,0,0,1,0,0,5,0,0,0,0,0,0,0,0,0,37
1668,non_winner,2012,Are Innovative Exchange Traded Funds Threathening the Turf of Traditional Mutual Funds?,2,40,219,0,1,14357,40,19,19,3,1,0,0,2,0,1,493,0,0,0,0,0,0,2,0,3,0,0,0,0,0,0,0,0,19,0,1,0,5,12,0,0,0,0,0,0,0,0,0,0,0,0,0,2,0,1,0,0,0,0,0,0,10
1669,non_winner,2012,Private Equity and Value Creation: Evidence from Swedish PE transactions - Investigating the impact of restructuring measures targeting company operations and employees,2,62,134,1,0,23431,62,58,51,6,2,4,0,5,21,1,2121,1,1,1,0,19,18,1,1,3,6,0,0,35,25,2,5,0,10,0,14,1,4,0,0,0,10,0,0,0,0,0,29,7,0,0,0,0,0,7,0,0,1,0,0,3,14
1670,non_winner,2012,Strategy Distinctiveness of U.S. Equity Mutual Funds,2,48,160,0,0,13604,49,58,56,36,25,2,6,3,7,1,,,,,,,0,2,0,3,4,0,0,5,0,0,0,0,11,1,111,1,1,0,0,0,4,11,14,2,0,6,0,0,0,0,24,0,0,0,0,3,0,0,0,0,0
1671,non_winner,2012,The Predictive Power of Price Gaps,2,42,214,0,0,18805,42,85,85,43,25,8,2,1,0,1,531,0,0,0,0,0,0,1,1,4,0,0,0,41,1,1,0,0,1,3,0,1,2,1,0,0,0,0,3,0,0,0,0,0,0,0,0,0,0,0,0,0,0,0,0,0,24
1672,non_winner,2012,Returns to Unethical Investing: New evidence on sin stock performance in Europe,2,51,133,1,0,17356,51,30,29,10,6,2,1,6,0,1,863,0,0,0,0,0,0,0,0,16,8,0,0,6,2,0,0,0,12,6,174,1,0,0,0,0,0,0,0,0,0,30,0,0,0,0,0,0,0,18,0,0,0,0,0,0,13
1673,non_winner,2012,The Effects of Stock Option-Based Compensation on Share Price Performance,2,41,146,0,0,16256,41,7,7,19,12,3,1,1,2,1,474,0,0,0,0,0,1,2,0,4,8,0,0,1,0,0,1,0,0,0,306,1,0,17,0,0,14,0,13,0,0,0,0,1,0,0,26,0,0,0,0,0,0,0,0,0,0
1674,non_winner,2012,Institutional Activism and Firm Performance,2,55,154,0,0,17750,55,17,10,1,0,0,0,2,56,1,363,0,0,0,0,1,0,2,0,11,0,0,0,37,3,5,0,0,0,0,7,1,1,8,0,0,0,0,0,0,0,0,0,0,0,0,0,0,0,0,0,0,0,0,2,4,9
1675,non_winner,2012,The Capital Structure Dynamics of Swedish Firms over the Business Cycle - Leverage Cyclicality and Credit Supply Contractions,2,41,91,0,0,13011,41,38,29,12,3,2,2,2,0,1,940,1,0,1,0,0,0,1,0,2,10,0,0,72,0,1,3,0,9,3,170,1,0,0,0,0,9,0,5,0,0,0,17,17,0,0,0,0,0,4,0,0,0,0,0,0,27
1676,non_winner,2012,Operating Performance of Nordic Reverse Leveraged Buyouts,2,45,120,0,0,17753,45,38,37,21,8,10,0,2,6,1,441,0,0,0,0,0,0,0,0,13,5,0,0,11,18,0,0,10,13,1,132,1,1,0,0,0,2,0,1,0,0,0,0,0,0,0,0,0,0,5,0,0,0,0,0,4,20
1718,non_winner,2012,The effectiveness of CEO incentive systems in Swedish Corporate Governance. What is the firm value added by CEO option ownership?,1,65,216,0,1,22640,66,59,58,5,0,1,0,3,12,1,947,1,1,0,0,0,1,1,0,5,1,0,0,106,1,5,3,2,11,4,15,1,2,0,0,0,15,0,4,0,0,0,3,0,0,0,0,0,0,3,0,0,0,0,1,0,64
1801,non_winner,2013,Has S&P's impact on equity returns changed due to the financial crisis?,2,45,168,0,1,10763,46,21,20,4,2,2,0,2,0,1,372,0,0,1,1,0,0,1,1,1,0,0,0,0,0,0,0,0,20,0,1,1,0,8,0,0,0,0,0,0,0,0,0,0,0,0,0,0,5,2,0,0,0,0,0,0,2
1807,non_winner,2013,The Prevalence and Causes of Multiple Directorships,2,40,147,0,0,13113,40,21,21,11,3,7,0,0,5,1,,,,,,,0,0,0,10,11,0,0,17,0,2,2,0,20,0,42,1,0,0,0,0,0,0,2,0,0,0,0,0,0,0,0,0,0,0,0,0,0,2,0,0,0
1823,non_winner,2013,The Impact of LOV (Lagen om Valfrihetssystem) on the Swedish Home Care Sector,2,36,278,0,0,11514,36,43,35,0,0,0,0,0,57,1,1951,0,0,0,0,0,0,0,0,3,0,0,0,42,3,81,0,0,9,4,18,1,17,0,0,0,0,0,0,0,0,0,31,0,0,0,0,0,0,0,0,0,0,6,0,0,3
1835,non_winner,2013,The US Holiday Effect: Evidence from Nordic markets on the impact of US investors,2,38,197,1,0,11996,38,35,35,14,7,3,1,1,0,1,413,0,0,0,0,0,0,0,0,5,10,0,0,84,93,0,2,4,12,0,385,1,2,1,0,0,0,0,0,0,0,0,0,0,0,0,1,0,2,0,0,0,0,0,0,0,6
1843,non_winner,2013,Long-term Value Creation of Private Equity Firms,2,50,146,0,0,13558,50,18,18,19,8,6,0,5,5,1,1169,1,1,1,0,3,7,0,0,11,13,0,0,2,2,0,1,0,8,0,90,1,1,0,0,3,6,0,0,0,0,0,0,0,0,0,0,0,0,0,0,0,1,0,0,0,5
1844,non_winner,2013,Government's effect on too big to fail guarantees,2,43,190,0,0,11258,43,31,29,4,1,1,1,1,2,1,854,1,0,1,0,0,0,2,1,1,10,0,0,2,1,0,0,0,9,1,3,1,3,5,0,0,0,0,6,0,0,0,1,0,0,0,0,0,0,1,0,0,0,0,0,0,42
1865,non_winner,2013,Index-Tracking: The Performance of Swedish Index Funds from an Investor Perspective,2,67,166,1,0,24548,67,59,59,27,13,3,4,1,9,1,621,0,0,0,1,2,0,52,1,13,12,0,0,243,4,1,2,1,8,0,152,1,8,0,0,0,5,0,8,0,0,0,0,0,0,0,0,0,0,0,0,17,0,0,0,0,5
1873,non_winner,2013,An Equal Risk Contribution Portfolio Approach Using VIX Futures,2,68,135,0,0,14929,68,23,1,0,0,0,0,0,15,1,890,0,0,0,1,0,0,3,1,0,5,0,0,1,0,0,0,1,4,4,68,1,0,0,0,0,0,0,0,0,0,0,0,0,0,3,0,0,0,0,0,0,0,0,0,0,0
1875,non_winner,2013,The effect of the Swedish mortgage cap on house prices depending on the loan-to-value ratio: A regional study within Sweden,2,45,199,1,0,13957,45,44,37,2,0,0,0,1,20,1,,,,,,,0,1,0,3,3,0,0,154,8,10,0,0,3,7,0,1,38,0,0,0,7,0,0,0,0,0,0,0,0,0,0,0,2,0,0,0,0,9,3,0,13
1878,non_winner,2013,"Market Reaction to U.S. Debt Crisis - An Event Study of the U.S. Debt Crisis and Credit Rating Downgrade in 2011, Focusing on Government Suppliers and Bailout Recipients",2,42,113,0,0,9080,42,6,6,4,2,2,0,0,6,1,376,0,0,0,0,0,0,0,0,2,0,0,1,0,0,0,0,0,0,0,1,1,0,5,0,0,7,0,0,0,0,0,0,0,0,0,19,5,1,0,0,0,0,0,0,0,3
1879,non_winner,2013,Fatal Policy or Market Adaptation?,2,61,114,0,1,20281,61,30,22,2,0,0,0,0,36,1,652,1,1,1,0,0,13,1,0,4,1,0,0,122,0,9,2,0,2,7,123,0,37,0,0,0,0,0,0,0,0,0,1,0,0,0,0,0,0,0,0,0,0,25,0,0,7
1895,non_winner,2013,Does legal origin affect Swedish FDI? An empirical analysis,2,40,97,0,1,12170,40,58,53,7,2,0,0,11,1,1,269,0,1,0,0,0,6,1,0,6,4,0,0,79,13,5,0,0,8,2,135,1,3,0,0,0,4,0,2,0,0,0,0,0,0,0,0,0,0,0,0,0,0,0,0,0,42
1897,non_winner,2013,The Skewed Perception of the Distribution of Stock Returns,2,54,173,0,0,20235,54,25,24,10,6,2,0,0,8,1,635,1,0,1,0,0,0,0,1,2,0,0,0,49,1,3,0,2,9,2,25,1,7,0,0,0,0,0,0,0,0,0,0,0,0,0,0,0,0,0,8,0,0,0,0,0,0
1899,non_winner,2013,Unconventional Stock Market Predictors And the Unstable Performance of Traditional Stock Market Predictors,1,35,160,0,0,9425,35,29,28,23,9,6,4,0,11,1,338,0,0,0,0,0,0,0,0,1,1,0,0,1,0,0,0,0,6,40,1,1,1,0,0,0,0,0,0,0,0,0,7,0,0,0,1,0,0,0,0,0,0,0,0,0,10
1908,non_winner,2013,The impact of government intervention on stock prices: A study of signaling effects of bailout on U.S. banks during the financial crisis in 2008,2,50,184,1,0,14586,50,35,26,3,1,0,0,3,14,1,1205,0,0,0,0,0,0,2,0,13,2,0,0,0,0,1,0,0,4,8,8,1,2,29,0,0,0,0,0,0,0,0,0,0,0,0,2,2,0,0,0,0,0,0,0,0,7
1911,non_winner,2013,The accuracy of Value-at-Risk estimates - The effect of the amount of historical data used,1,28,117,0,0,7953,28,8,7,0,0,0,0,0,0,1,427,1,0,0,0,0,0,0,0,0,0,0,0,1,0,1,0,1,9,4,0,1,0,0,0,0,0,0,0,0,1,0,0,0,0,0,1,0,0,0,0,0,0,0,0,0,0
1914,non_winner,2013,Time-Varying Correlation and the Benefits of Cross-Asset Class Diversification,2,63,121,0,0,15651,63,26,26,6,5,0,0,0,0,1,526,0,0,0,0,0,0,0,0,0,10,0,0,1,0,0,0,3,15,16,91,1,3,0,0,0,0,0,0,0,0,0,0,24,0,0,0,3,3,0,0,0,0,0,0,0,4
1929,non_winner,2013,The Double Covered Question - Do Swedish Covered Bonds Adhere to the Covered Interest Parity,2,67,196,0,0,18630,67,36,35,8,2,0,0,1,0,1,1079,1,0,0,1,0,0,0,3,2,4,0,0,250,2,2,1,0,15,2,0,1,9,0,0,0,0,0,0,0,0,0,26,0,0,0,0,0,0,0,0,0,0,1,0,0,39
1943,non_winner,2013,The Role of Prospectuses and Guarantees in Rights Issues,2,51,165,0,0,14697,51,29,25,17,2,9,1,1,5,1,720,0,0,1,1,6,0,0,1,10,0,0,0,56,7,0,0,0,13,1,59,1,1,22,0,0,0,0,1,0,0,0,2,0,0,0,0,0,4,3,0,0,3,0,8,0,9
1955,non_winner,2013,Short Selling Bans: An Effective Tool in Times of Crisis?,2,51,113,1,1,11594,51,22,0,11,7,2,2,1,28,1,960,1,0,0,0,0,0,1,0,4,2,0,0,1,0,7,0,0,0,0,13,0,10,2,0,0,9,0,0,0,0,0,2,0,0,0,0,0,1,0,0,0,0,0,0,0,0
1958,non_winner,2013,Liquidity and asset pricing on the Swedish Stock Market,1,30,123,0,0,6685,30,5,5,4,0,3,0,0,0,1,524,0,0,0,0,0,0,0,0,3,0,0,0,17,0,0,0,1,0,0,0,1,0,0,0,0,0,2,0,0,0,0,0,0,0,0,0,0,0,1,0,0,0,0,0,0,2
1967,non_winner,2013,The effect on mortality of having a Chief Executive Officer position: An analysis of Swedish data from 1997-2009,2,45,159,1,0,14416,45,40,22,4,0,0,0,4,1,1,1209,0,0,0,0,0,0,0,1,6,7,0,0,29,0,0,0,0,9,0,0,1,1,0,0,0,0,0,6,6,0,0,0,0,0,0,0,0,0,0,0,0,0,2,0,0,0
1980,non_winner,2013,Drivers of the Disposition Effect: A Study Testing for Motivating Forces of Investors' Propensity to Realize Gains over Losses,2,32,167,1,0,9854,32,20,20,15,9,2,1,0,4,1,956,1,0,1,0,0,0,1,0,7,0,0,0,2,1,0,0,0,0,0,7,1,0,0,0,0,0,0,0,0,0,0,0,0,0,0,4,1,0,0,0,0,0,0,0,0,1
1985,non_winner,2013,The Index Effect in an Isolated Environment - A Review of the Market Cap Segment Changes on the Nordic Exchanges,2,64,191,0,0,28866,64,31,31,17,9,3,0,0,2,1,452,1,0,0,0,0,0,3,1,6,5,0,0,546,146,0,1,5,25,23,289,1,3,16,0,0,7,0,0,0,0,0,0,0,0,0,0,0,0,0,0,0,0,0,0,0,22
2125,non_winner,2014,Value versus Growth on OMXS and Asymmetric Responses to Earnings Surprises,2,37,165,0,0,11160,37,37,34,17,14,2,0,0,8,1,,,,,,,1,3,0,8,5,0,0,46,1,0,0,0,0,0,197,1,0,0,0,0,0,0,0,0,0,0,0,0,0,0,0,0,6,1,0,3,0,0,0,0,6
2238,non_winner,2014,Equity Market Timing and the Capital Structure of Swedish Firms,2,70,185,0,0,16455,70,26,26,18,8,6,1,0,0,1,241,0,0,0,0,0,0,4,0,19,0,0,0,22,0,3,1,0,11,3,54,1,0,0,0,0,0,0,1,0,0,0,2,0,0,0,3,1,0,1,0,0,0,0,0,0,0
2253,non_winner,2014,A cross-county comparison of stock reactions to price changes in commodities,2,42,119,0,0,11135,41,18,18,3,2,0,0,0,0,1,359,0,0,0,1,0,0,0,2,5,10,0,0,2,3,0,2,3,4,8,188,1,0,0,0,0,11,0,2,0,0,0,0,0,0,0,3,0,0,2,0,0,0,0,0,0,0
2258,non_winner,2015,Mergers and Acquisitions in Up- and Down-Markets - An event study analysis of the impact of the market valuation on mergers and acquisitions and their future operating performance,1,27,101,0,0,6120,28,19,18,10,5,4,0,1,4,1,548,1,0,0,0,0,0,0,0,4,0,0,0,1,0,0,0,0,6,5,3,1,2,3,0,0,0,0,0,0,0,0,0,0,0,0,2,0,0,0,0,0,0,0,0,0,1
2283,non_winner,2014,Performance timing - Is there a difference between PE-backed and non PE-backed IPOs?,2,54,197,0,1,17302,54,22,21,6,2,2,1,1,0,1,1485,1,0,1,1,0,3,0,1,3,11,0,0,2,3,0,1,6,0,0,111,1,3,0,0,0,1,0,0,0,0,0,1,0,0,0,3,0,0,0,0,0,0,0,0,7,4
2289,non_winner,2014,How to Invest the Swedish Occupational Pension - Are there any simple and easily applicable pension investment strategies generating better alphas than the Default Options do?,2,44,157,0,1,11529,44,19,19,10,8,0,0,0,15,1,649,0,0,0,0,0,0,1,0,0,1,0,0,31,3,3,0,0,4,0,0,1,1,0,0,0,0,0,0,0,0,0,0,0,0,0,0,0,0,0,0,57,1,0,0,0,0
2310,non_winner,2014,Abnormal Returns in the Luxury Goods Industry,2,70,191,0,0,21658,70,13,9,6,2,2,1,0,0,1,1347,1,0,0,0,3,0,2,0,7,1,0,0,0,0,0,0,0,0,2,78,1,1,0,0,0,6,0,1,0,0,0,2,0,0,0,0,0,16,8,0,0,0,0,0,0,2
2312,non_winner,2014,How Culture Affects Risk Aversion - A Cross-Country Analysis of the Mutual Fund Industry,2,31,101,0,0,8685,31,12,10,2,1,0,0,0,13,1,775,1,1,1,0,0,1,0,0,0,1,0,0,10,3,0,1,0,5,3,118,1,2,0,0,0,1,0,0,0,0,0,4,0,0,0,8,0,0,0,0,0,0,0,0,0,2
2314,non_winner,2014,The IPO Process and its Impact on Underpricing: A Case Study of Motion Display Scandinavia AB,2,46,227,1,0,16615,46,77,76,54,25,16,9,4,0,1,542,0,0,1,0,0,0,1,0,2,0,0,0,49,7,2,1,0,0,0,0,0,2,0,0,0,0,0,0,0,0,0,14,7,0,0,0,0,0,0,0,0,0,0,0,0,7
2317,non_winner,2014,Good Will or Risky Business? - The required risk premium for stocks with goodwill,2,35,122,0,1,11568,36,8,8,12,5,6,0,0,0,1,,,,,,,1,0,0,0,8,0,0,2,0,0,0,1,10,0,0,0,0,0,0,0,3,11,5,0,0,1,0,0,0,0,9,2,0,0,0,0,0,0,0,0,9
2324,non_winner,2014,Strategies and Firm Performance during Implementation of Gender Quotas,1,45,215,0,0,13531,45,31,31,8,2,3,1,1,1,1,1881,0,0,0,0,0,1,1,0,5,0,0,0,0,68,11,0,4,1,0,0,1,7,3,0,0,4,0,1,0,0,0,2,0,0,0,2,0,0,1,0,0,0,0,0,0,33
2326,non_winner,2014,The exposure to illiquidity of stocks - a study of the determinants with a focus on the 2007-2009 financial crisis,2,39,190,0,0,11998,39,41,37,10,3,4,0,4,0,1,1111,0,0,1,1,0,1,0,1,7,4,0,0,3,0,0,0,9,8,0,90,1,0,0,0,0,0,0,0,0,0,0,0,0,0,0,2,0,1,0,0,0,0,0,0,0,18
2329,non_winner,2014,"The Option Volume to Stock Volume Ratio, Market Efficiency and Future Returns",2,49,188,0,0,17191,49,30,0,26,8,10,5,0,0,1,841,0,0,1,1,2,0,1,1,3,16,0,0,1,0,0,3,0,13,3,104,1,0,0,0,0,18,0,0,0,0,0,0,0,0,0,4,0,0,0,0,0,0,0,0,0,0
2335,non_winner,2014,How does the time in portfolio affect private equity portfolio company performance?,2,38,142,0,1,14524,40,14,3,3,0,3,0,0,0,1,1084,0,1,0,1,0,6,0,1,2,0,0,0,4,6,0,1,1,13,4,0,1,0,9,0,0,0,0,0,0,0,0,0,0,0,0,7,2,0,2,0,0,1,0,0,2,1
2349,non_winner,2014,Shareholder Activism and Bond Price Returns,2,39,162,0,0,9342,39,21,20,6,0,0,5,1,9,1,597,0,0,1,1,0,0,1,3,2,0,0,0,1,0,1,0,0,0,6,2,0,7,6,0,0,0,0,0,0,0,0,0,1,0,0,1,1,1,0,0,0,0,0,0,1,1
2350,non_winner,2014,Analysts' Forecast Accuracy in the United States: Optimistic and Pessimistic Bold Forecasts,2,60,134,1,0,22316,60,37,34,10,4,1,3,0,19,1,1093,0,0,1,1,0,0,1,1,2,0,0,0,2,0,36,0,0,12,2,403,1,2,0,0,0,0,0,0,0,0,0,0,0,0,0,17,4,0,0,0,0,0,0,0,0,8
2351,non_winner,2014,Should I stay or should I go? - Exploring the causal operating performance impact of private equity ownership in family firms,2,33,198,0,1,11711,33,20,19,9,0,4,0,0,0,1,1258,1,0,1,0,2,0,0,0,3,6,0,1,44,1,0,0,0,8,4,169,1,29,0,0,14,6,0,0,0,0,0,0,0,0,0,0,0,0,0,1,0,0,0,0,6,17
2352,non_winner,2014,Do women have to choose between family and career?,2,36,137,0,1,4126,36,,,,,,,,,0,,,,,,,0,0,0,0,4,0,0,13,0,0,0,0,0,0,0,0,0,0,0,0,0,0,0,0,0,0,0,0,0,0,0,0,0,0,0,0,0,3,0,2,0
2354,non_winner,2014,Long-run Performance of Market-timing IPOs,2,32,109,0,0,11534,33,37,36,20,9,8,2,0,6,1,755,0,0,0,0,0,0,0,0,2,14,0,0,0,0,0,1,0,0,0,80,0,1,0,0,0,0,0,0,0,0,0,1,0,0,0,10,0,0,0,0,0,0,0,0,0,9
2355,non_winner,2014,Control beyond warranted by the equity,2,54,191,0,0,16779,54,30,30,0,0,0,0,0,6,1,291,0,0,0,0,0,2,0,2,0,2,0,0,36,3,12,0,4,8,0,637,1,1,16,0,0,3,0,1,0,0,0,0,0,0,0,0,0,0,0,0,0,0,0,0,0,66
2356,non_winner,2014,How Good Are Analysts at Handling Crisis? - A Study of Analyst Recommendations on the Nordic Stock Exchanges during the Great Recession,2,56,194,0,1,15937,54,8,8,0,0,0,0,0,0,1,1330,0,0,1,0,1,1,0,0,6,4,0,0,39,48,0,3,2,23,1,2,1,4,0,0,0,0,0,0,0,0,0,0,0,0,0,1,0,0,3,0,0,0,0,0,0,0
2357,non_winner,2014,Alternative Index Weighting Strategies on the Swedish Stock Market,2,41,232,0,0,16870,41,29,27,5,3,0,1,12,4,1,910,1,1,0,0,0,5,3,0,2,3,0,0,79,0,0,1,0,5,5,1,1,4,0,0,0,0,0,0,0,0,0,2,0,0,0,0,0,0,1,0,0,0,0,0,0,0
2358,non_winner,2014,Gender Effect on Corporate Risk Taking,2,70,176,0,0,14668,71,58,53,5,2,2,0,0,68,1,1354,1,0,0,0,0,0,0,0,15,0,0,0,35,0,2,4,0,0,0,0,1,3,0,0,0,0,0,1,0,0,0,1,0,0,0,0,0,0,0,0,0,0,0,0,6,24
2359,non_winner,2014,The Alleged Value of Active Management,2,51,164,0,0,15168,51,29,29,18,9,1,3,4,0,1,1603,0,0,1,1,2,1,2,2,4,8,0,0,49,0,1,0,0,9,0,3,1,3,0,0,0,6,0,3,0,0,0,0,0,0,0,0,0,7,0,0,16,0,0,21,0,0
2361,non_winner,2014,Risk Factors in the Returns for Banks in the European Union,2,77,115,0,0,24398,77,16,4,7,3,3,0,0,3,1,935,1,0,0,0,0,1,1,0,7,0,0,0,69,0,2,0,0,27,0,21,1,0,0,0,0,0,0,0,0,0,23,0,0,0,0,0,0,0,0,0,0,0,0,0,4,8
2362,non_winner,2014,Equity Research Analyst Bias in Stock  Recommendations,2,50,182,0,0,14093,50,36,35,22,13,4,1,1,0,1,331,0,0,0,0,0,2,4,1,2,4,0,0,59,5,0,1,0,12,0,296,1,2,13,0,0,7,0,0,0,0,0,3,2,0,1,1,0,2,1,0,0,0,0,0,0,1
2364,non_winner,2014,The Olympic Games - Investor Mood and its Effect on the Stock Market,2,40,146,0,0,15214,41,33,28,4,2,1,0,0,16,1,,,,,,,0,3,0,9,3,0,0,3,3,0,0,1,0,0,0,0,5,10,0,0,0,0,0,0,0,0,0,0,0,0,0,0,0,14,0,0,0,0,0,0,3
2507,non_winner,2015,CSR Reporting and Stock Performance in Swedish Listed Companies,2,40,166,0,0,10392,40,31,30,6,2,3,0,0,8,1,848,0,0,1,0,0,0,1,0,4,3,0,0,33,1,2,0,2,16,3,69,1,0,39,0,0,11,0,2,0,0,0,1,0,0,0,0,0,0,0,4,0,0,0,0,2,26
2508,non_winner,2015,The Cross-Section of Stocks and Options - Informed Trading & Volatility Mispricing,2,52,155,0,0,17504,52,29,0,21,9,6,2,2,0,1,923,0,0,1,1,4,0,5,2,3,19,0,0,1,0,0,1,0,14,0,13,1,0,0,0,0,12,0,0,0,0,7,0,0,0,0,3,1,7,0,0,0,0,0,0,0,0
2513,non_winner,2015,Reaping the Size and Value Effects: Controlling for Pure Quality,2,41,201,1,0,13554,41,47,32,9,4,5,0,4,3,1,1821,1,0,1,0,1,0,0,0,3,1,0,0,23,0,1,0,0,0,3,90,0,0,0,0,0,0,0,0,0,0,2,0,0,0,0,13,0,0,2,0,0,0,0,0,3,27
2522,non_winner,2015,Do CEO stock options induce risk-taking? - A study on Swedish companies,2,41,182,0,1,12683,41,26,0,9,6,3,0,0,8,1,809,0,0,1,0,0,2,1,0,8,6,0,1,40,0,1,0,2,23,1,54,1,2,0,0,0,20,0,2,0,0,0,0,0,0,0,0,0,0,0,1,0,0,1,0,4,12
2529,non_winner,2015,IPO Underpricing Following Private Placements: An analysis on the effect of equity and debt private placements on underpricing during subsequent IPOs,2,39,188,1,0,14195,39,39,38,29,8,16,1,0,0,1,587,0,0,0,0,0,0,0,0,5,4,0,0,1,0,0,0,3,8,2,278,1,1,0,0,0,0,0,0,0,0,0,0,0,0,0,0,0,0,0,0,0,0,0,0,0,17
2531,non_winner,2015,Swedish Investment Companies and Behavioral Determinants of the Relative Valuation to NAV,2,48,107,0,0,16699,48,15,15,7,3,2,0,0,1,1,479,0,0,1,0,0,0,1,0,3,3,0,0,129,1,5,0,4,8,0,172,0,1,0,0,0,0,0,0,0,0,0,0,0,0,0,0,0,1,0,0,0,0,0,0,0,9
2539,non_winner,2015,The link the market refuses to accept: Political variables and the excess returns on the Swedish stock market,2,65,180,1,0,16902,65,30,24,2,1,0,0,0,42,1,910,1,0,1,0,0,1,1,0,0,6,0,0,145,28,1,0,5,15,9,1,1,1,0,0,0,0,0,0,0,0,0,3,0,0,0,8,0,0,0,0,0,0,10,0,0,12
2541,non_winner,2015,Asset Allocation and a Low Interest Rate Environment,2,48,200,0,0,16230,48,29,28,5,0,1,0,6,15,1,1411,1,1,1,0,2,8,2,0,6,0,0,0,136,1,0,0,0,26,2,153,1,2,0,0,0,0,0,0,0,0,0,0,0,0,0,0,0,8,0,0,0,0,0,0,0,18
2544,non_winner,2015,"Potential Overreactions and Reversal Effects, Evidence from the Swedish Market",2,49,204,0,0,13609,49,23,0,9,5,2,0,0,0,1,168,0,0,0,0,0,2,2,0,2,11,0,0,34,0,0,0,0,10,11,59,1,2,0,0,0,0,0,0,15,0,0,0,0,0,0,1,0,0,2,0,0,0,0,0,1,1
2556,non_winner,2015,BEHIND THE SCENES OF TERROR - A study of the drivers behind the market reaction of terrorist attacks,2,37,169,0,0,10670,37,27,25,6,1,2,0,1,0,1,551,0,0,1,0,0,2,0,0,4,0,0,0,4,1,0,0,5,10,3,15,1,1,9,0,0,0,0,0,0,0,0,0,1,0,0,1,0,0,0,0,0,0,0,0,0,6
2560,non_winner,2015,The MAX effect and what drives it - Evidence from the Swedish stock market,2,31,154,0,0,12540,31,36,36,29,12,7,4,0,0,1,1406,0,0,1,0,5,0,4,0,9,7,0,0,50,0,1,0,0,7,0,65,1,0,0,0,0,0,3,0,0,0,12,0,0,0,0,0,0,0,5,0,0,0,0,0,0,7
2572,non_winner,2015,The Choice of Payment Method in European Mergers and Acquisitions - The Aftermath of the Financial Crisis,2,37,109,0,0,11749,37,37,22,0,0,0,0,0,0,1,1238,1,1,1,0,1,1,1,0,6,4,0,0,6,7,0,0,0,15,2,55,0,2,0,0,0,0,0,0,0,0,0,0,0,0,0,0,0,0,4,0,0,0,0,0,0,6
2576,non_winner,2015,"Capital structure and firm performance, Empirical paper exploring the impact of capital structure on firm performance over time in the Swedish real estate market",2,42,141,0,0,14211,42,13,8,5,0,3,0,0,4,1,1763,0,0,1,0,2,0,0,0,18,9,0,0,22,0,1,0,0,9,0,297,1,6,0,0,0,0,0,0,0,1,0,0,0,0,0,0,0,0,4,0,0,0,1,0,2,9
2580,non_winner,2015,Institutional Investors as Drivers of Incentive Compensation - The Development of Institutional Investors' Effect on Structure and Level of Executive Compensation during the 21st Century,2,58,148,0,0,14964,58,32,28,7,1,2,1,2,16,1,332,0,0,0,0,0,0,7,0,5,2,0,0,1,0,2,1,0,10,6,42,1,3,0,0,26,0,0,0,0,0,0,0,0,0,0,4,0,0,0,0,0,0,0,0,0,12
2618,non_winner,2015,Does pre-IPO investor attention affect post-IPO firm value?,2,41,147,0,1,12335,41,24,24,6,4,1,1,0,12,1,1771,0,0,1,0,0,0,0,0,4,1,0,0,39,0,4,0,0,4,0,27,0,4,0,0,0,0,0,2,0,0,0,0,0,0,0,0,0,0,4,0,0,0,1,0,6,0
2622,non_winner,2016,Seasoned Equity Offerings: The Choice of Method of Issue and Abnormal Returns in the Nordics,2,37,244,1,0,9970,26,18,18,9,1,5,0,1,1,1,803,0,0,0,0,1,0,0,0,4,0,0,0,28,60,6,0,2,6,4,22,1,0,4,0,0,1,0,0,0,0,0,0,0,0,0,0,0,0,4,0,0,0,0,0,0,7
2637,non_winner,2015,Does the current influenza activity generate stock market responses?,2,44,181,0,1,14676,44,29,26,4,0,0,2,0,19,1,486,0,0,0,0,1,2,1,0,2,3,0,0,1,0,0,0,1,3,1,0,1,8,36,0,0,0,0,0,0,0,0,0,0,0,0,3,0,0,0,0,0,0,0,0,0,16
2651,non_winner,2015,"It is not what you know, it is who you know",2,42,169,0,0,14454,42,47,43,21,9,6,2,1,8,1,823,1,0,0,1,0,0,0,2,3,7,0,0,1,0,0,3,0,15,0,525,1,0,0,0,0,0,0,0,0,0,0,1,0,0,0,2,0,4,1,0,0,0,0,0,0,24
2657,non_winner,2015,Regulatory Effects on Voting Premiums in Sweden - Explaining the price differential between share classes during a period of legislative change,2,45,164,0,0,13819,45,58,47,11,1,7,1,0,28,1,440,0,0,0,0,1,0,0,0,6,3,0,1,121,16,18,0,0,14,2,18,1,42,0,0,0,8,0,1,0,0,0,0,0,0,0,0,0,2,1,1,0,0,0,1,0,4
2659,non_winner,2015,Time to Come Out of the Closet: A Study of Active Fund Management in Sweden,2,43,188,1,0,11308,43,19,17,9,3,3,1,0,3,1,1414,1,0,1,0,0,0,0,1,4,0,0,0,66,3,4,0,0,8,7,21,1,0,0,0,0,0,0,0,0,0,0,0,0,0,0,0,0,0,0,0,1,0,0,10,0,1
2660,non_winner,2015,"SRI - ""Superior Return Investment?"" - A study of Swedish socially responsible investment mutual funds over a longer period, evaluating the performance of funds and managers in different market conditi",2,44,186,0,1,13797,44,55,51,12,6,2,1,2,4,1,635,1,0,0,0,1,0,7,0,7,16,0,0,75,1,0,0,2,7,3,73,1,1,0,0,0,0,0,0,0,0,0,0,0,0,0,0,0,0,0,0,4,0,0,0,0,26
2661,non_winner,2015,The innovative characteristics of target firms: An analysis of Swedish data from 1998 to 2014,2,73,226,1,0,13443,73,27,4,3,2,1,0,0,25,1,1299,0,0,0,0,1,0,0,0,0,5,0,0,50,0,3,0,1,5,11,0,1,2,0,0,1,0,0,0,42,0,0,0,0,0,0,0,0,8,0,0,0,0,1,0,0,14
2664,non_winner,2015,Implications of Insider Trading for Market Efficiency: Empirical Evidence from the Swedish Stock Market,1,35,178,1,0,15230,36,25,24,7,3,1,1,0,0,1,433,1,0,0,0,0,2,4,0,8,6,0,0,41,0,0,0,0,5,5,1,1,1,0,0,0,3,0,6,0,1,0,0,0,0,0,1,0,0,6,0,0,0,0,9,0,0
2668,non_winner,2015,The Impact of Regulatory Initiatives on Bitcoin: A study on the first regulated exchange in the United States,2,41,198,1,0,12590,41,37,37,7,1,4,0,3,12,1,2890,0,0,1,0,2,0,0,0,5,3,0,0,2,0,17,0,4,11,2,4,1,7,32,0,0,0,0,0,0,0,0,0,1,0,0,3,0,2,0,0,0,0,0,0,0,19
2673,non_winner,2015,Corporate Bond Credit Rating Biases: Issuance Frequency and Yield Spreads,2,48,112,1,0,14758,48,32,28,11,5,2,2,1,7,1,1013,0,0,1,0,0,0,0,0,5,4,0,0,1,0,8,0,0,12,0,122,0,3,0,0,0,2,0,4,0,0,0,0,0,0,1,0,0,4,0,0,0,0,0,0,0,0
2674,non_winner,2015,Diminishing Risk-Weights Under the Basel II Accord: A Sign of Better Credit Quality or Regulatory Arbitrage?,2,52,165,1,1,14277,52,39,31,4,1,1,0,4,0,1,1065,0,0,1,0,0,0,0,0,1,7,0,0,5,7,14,0,2,5,2,126,1,5,0,0,0,3,0,3,0,0,0,0,0,0,0,0,0,7,15,0,0,2,0,0,0,6
2679,non_winner,2015,Corporate Governance and the Value of Dividends,2,28,202,0,0,9508,28,24,23,16,5,7,2,1,0,1,513,0,0,1,0,0,0,4,0,0,5,0,0,1,0,0,0,0,5,0,89,1,1,0,0,0,7,2,3,0,0,0,0,0,0,0,0,0,0,2,0,0,0,0,0,0,1
2684,non_winner,2015,Ownership Concentration and Firm Performance: Evidence from Sweden,2,33,98,1,0,8448,33,33,33,11,3,3,0,4,0,1,566,0,0,1,0,0,0,0,0,2,9,0,0,37,0,3,0,0,9,0,74,1,0,0,0,2,3,0,0,0,0,0,0,0,0,0,0,0,0,0,0,0,0,0,0,2,3
2702,non_winner,2015,Resolving the Exchange Rate Puzzle,2,68,200,0,0,23804,72,47,44,10,5,4,0,0,7,1,1507,0,0,0,0,1,0,0,2,6,9,0,0,6,1,3,0,10,5,12,3,1,7,20,0,0,0,0,0,0,0,0,2,0,0,0,3,0,0,0,0,0,0,0,0,3,23
2706,non_winner,2015,Trends in Abnormal Returns to Hedge Fund Activism: An Empirical Analysis,2,29,129,1,0,7944,29,32,27,8,3,5,0,3,2,1,1067,0,0,1,0,0,0,0,0,8,1,0,0,0,0,2,0,0,7,4,29,1,1,1,0,0,0,0,0,0,0,0,0,0,0,0,6,0,0,0,0,0,1,0,0,0,4
2848,non_winner,2016,The Impact of Demographic and Socioeconomic Factors on Municipal Bond Coupon Rates,2,45,143,0,0,19570,46,51,42,3,0,0,0,1,20,1,,,,,,,0,1,0,13,0,0,0,0,0,0,0,0,24,2,711,1,4,0,0,2,23,0,0,0,0,0,8,0,0,0,0,0,7,0,0,0,0,0,0,0,48
2857,non_winner,2016,Is There a Size Disadvantage in the European Private Equity Market? Measuring the Impact of Committed Capital on Net Buyout Fund Returns,2,34,117,0,1,13024,34,35,33,6,2,0,2,11,8,1,866,0,0,0,0,2,0,1,0,5,3,0,0,3,0,1,0,2,7,0,68,0,0,0,0,0,9,0,1,0,0,0,0,0,0,0,0,0,0,0,0,0,0,0,0,0,10
2858,non_winner,2016,Currency Controls' Consequences for Companies,2,46,184,0,0,13855,46,37,36,7,3,1,0,3,0,1,1109,0,0,0,0,2,0,1,0,1,0,0,0,12,0,3,16,3,7,0,1,1,9,3,0,0,0,0,0,0,0,0,1,8,0,0,0,0,3,0,0,0,0,0,0,0,22
2861,non_winner,2016,Underpricing in IPOs and the Effects of IPO Cyclicality and Owners' Investment Philosophy,2,49,184,0,0,18502,49,61,0,29,13,10,5,4,0,1,856,0,0,0,0,0,0,2,0,2,3,0,0,1,0,1,2,3,11,1,183,1,1,0,0,0,0,0,0,0,0,0,3,0,0,0,0,0,0,0,0,0,0,0,0,0,25
2868,non_winner,2016,Novel insights into stock returns of the US pharmaceutical industry -  An exploration of factors predicting success,2,47,200,0,0,10877,47,45,42,8,2,3,0,1,19,1,1052,0,0,0,0,0,0,1,1,9,3,0,0,2,2,1,0,0,12,0,10,1,2,1,0,0,15,0,12,0,0,0,0,0,0,0,0,1,0,0,0,0,0,0,0,0,34
2879,non_winner,2016,Firm complexity and IPO underpricing,2,44,142,0,0,13256,44,23,22,12,4,7,1,1,1,1,,,,,,,0,0,0,7,3,0,0,1,0,0,2,4,11,4,111,1,0,0,0,0,0,0,0,0,0,0,0,0,0,0,0,0,2,0,0,0,0,0,0,0,4
2883,non_winner,2016,Takeover Offers and Intra-Industry Effects - An Empirical Analysis of Rival Firms' Stock Price Reactions,2,52,124,0,0,14281,52,31,30,9,2,6,0,0,5,1,869,0,0,1,0,0,0,0,0,8,0,0,0,34,1,1,0,3,8,7,15,1,0,18,0,0,0,1,0,0,0,0,0,0,0,0,10,0,0,0,8,0,0,0,0,7,41
2895,non_winner,2016,IPOs of Loss-making Companies,2,28,108,0,0,8243,28,10,10,5,3,1,0,0,5,1,1399,1,0,0,0,0,1,0,0,2,2,0,0,1,0,0,0,1,13,1,106,1,0,0,0,0,0,0,0,0,0,0,0,0,0,0,3,0,0,0,0,0,0,0,0,0,0
2897,non_winner,2016,Tournament behavior of US corporate bond mutual funds: A non-parametric analysis,2,43,121,1,0,16130,43,39,34,13,6,3,2,5,0,1,1617,0,0,1,0,0,0,5,0,11,1,0,0,0,0,1,0,0,5,1,76,1,1,0,0,0,0,0,0,2,0,0,0,0,0,0,4,0,0,0,0,1,0,0,0,0,1
2901,non_winner,2016,What effect does CEO age have on corporate decisions? - A comparable study of private and public Swedish firms over the years 1997-2013,2,40,173,0,1,13268,41,33,33,13,5,3,2,3,0,1,412,0,0,0,0,0,0,0,0,4,5,0,0,32,0,0,1,4,7,0,387,1,0,0,0,0,8,0,1,0,0,0,2,0,0,0,0,0,0,0,0,0,0,0,0,3,1
2902,non_winner,2016,Swedish SMEs' Determinants of Capital Structure During the 2008 Financial Crisis,2,43,189,0,0,15699,43,53,52,27,13,7,2,1,0,1,267,0,0,0,0,0,0,1,0,3,26,0,0,41,0,1,0,7,0,0,122,1,1,0,0,0,10,0,12,0,0,0,0,0,0,0,0,0,0,0,0,0,0,2,0,7,66
2916,non_winner,2016,A Crude Awakening: Hedging Exposure in the Global Airline Industry,2,39,174,1,0,15451,39,49,45,17,8,3,1,0,23,1,,,,,,,0,0,1,4,0,0,0,5,0,1,0,0,13,6,73,1,0,0,0,0,10,0,3,0,0,0,0,0,0,0,7,0,1,7,1,0,4,0,0,0,22
2919,non_winner,2016,"Does Google Search Data Provide Information About Current and Future Stock Behaviour? - A study on how Google searches relate to stock returns, liquidity and volatility",2,60,169,0,1,13983,62,14,13,5,3,0,1,3,0,1,445,1,1,0,0,0,4,0,1,1,1,0,0,4,1,0,0,0,26,3,498,1,0,0,0,0,20,0,0,0,0,0,0,0,0,0,0,0,0,2,0,0,0,0,0,0,3
2921,non_winner,2016,Forecast Precision of Value at Risk: An Evaluation of ARCH-Type Models,2,49,142,1,0,18984,49,48,46,10,3,1,1,1,13,1,807,1,1,0,0,0,4,1,0,4,4,0,0,8,0,5,0,1,6,7,0,1,4,0,0,0,0,0,0,0,38,0,0,0,0,0,0,0,0,0,0,0,0,0,0,0,19
2927,non_winner,2016,Swedish Post Earnings Announcement Drift: Implications of Past Earnings on Market Anticipation,2,40,176,1,0,12135,40,34,34,10,6,3,0,0,2,1,,,,,,,4,2,0,2,5,0,0,43,3,0,0,0,7,0,39,1,6,10,0,0,0,0,0,0,0,0,0,0,0,0,1,0,0,5,1,0,0,0,0,0,3
2939,non_winner,2016,Giving CSR a run for its money,2,65,155,0,0,22161,65,76,1,6,1,0,0,1,0,1,1179,0,0,1,0,0,1,4,2,8,33,0,0,1,0,2,0,4,15,1,450,1,1,0,0,22,23,0,6,0,0,0,4,0,0,0,1,0,0,3,0,0,0,0,0,0,40
2945,non_winner,2016,Size Matters: An Empirical Analysis of Activist Hedge Funds,2,28,131,1,0,9843,29,31,30,9,2,2,2,5,6,1,245,0,0,0,0,0,0,1,0,4,0,0,0,2,0,1,0,2,3,2,34,1,1,11,0,0,0,0,0,0,0,0,2,0,0,0,3,0,0,0,0,0,4,0,0,0,10
2950,non_winner,2016,Does Private Equity Affect Firm and Inventor Performance in Pursuing Innovation?,2,53,119,0,1,17530,53,40,31,12,6,1,1,3,0,1,352,0,0,0,0,0,0,2,0,6,5,0,0,1,0,0,1,3,0,0,243,1,0,0,0,1,24,0,0,0,0,0,0,0,0,0,2,0,0,0,0,0,0,0,0,5,32
2977,non_winner,2016,Assets as hedges against the inflation rate,2,65,88,0,0,16619,65,42,36,5,3,1,0,0,53,1,355,1,0,0,0,1,0,0,0,3,15,0,0,120,2,0,0,0,17,0,189,1,8,0,0,0,0,0,0,0,0,0,16,0,0,0,0,0,0,2,0,0,0,9,0,0,31
2996,non_winner,2016,Stock Herding among Swedish Mutual Fund Managers,2,35,105,0,0,8522,35,23,23,7,2,2,0,1,0,1,523,0,0,0,1,0,0,1,2,1,0,0,0,70,2,1,0,5,11,0,4,1,2,0,0,0,0,0,0,0,0,0,0,0,0,0,0,0,0,5,0,10,0,2,3,0,14
3007,non_winner,2016,Performance Evaluation of Swedish Equity Mutual Funds,2,48,133,0,0,13632,48,23,20,2,1,1,0,0,14,1,709,1,0,1,0,0,0,0,0,8,4,0,0,45,0,6,1,2,17,3,240,0,6,0,0,0,0,0,0,0,0,0,0,0,0,0,0,0,1,0,0,5,0,0,0,0,1
3016,non_winner,2016,What Are the Effects of Security Selection and Market Timing on Mutual Fund Performance? A Study of Portfolio Returns and Manager Activity in Sweden,2,32,170,0,1,8674,32,24,24,3,0,1,2,0,2,1,1215,0,0,1,0,4,0,0,0,8,0,0,0,55,0,2,0,0,8,3,26,1,2,0,0,0,0,0,3,0,0,0,0,0,0,0,0,0,0,0,1,1,0,0,1,0,0
3018,non_winner,2016,Which Analysts Make the Best Stock Recommendations?,2,41,254,0,1,12022,41,18,18,11,7,0,1,0,0,1,1415,1,0,1,0,8,0,1,0,5,1,0,0,43,10,0,0,4,0,0,64,1,1,9,0,0,0,0,0,0,0,0,1,0,0,0,1,0,0,1,0,0,0,0,0,0,3
3020,non_winner,2016,Management Dividend Forecasts in the Nordics (An empirical study of post IPO management dividend forecast accuracy),2,36,121,0,0,12044,36,39,39,12,7,1,1,3,0,1,989,1,1,1,0,0,3,1,1,7,12,0,0,8,36,1,0,8,7,0,87,0,3,0,0,0,0,0,0,0,0,0,1,0,0,0,0,0,0,0,0,0,0,0,0,0,7
3026,non_winner,2016,Altruism or Nepotism? A Study of Financial Firms' Connections to Presidential Candidates and the Resulting Impact on Stock Returns,2,36,171,0,1,11248,36,27,24,6,0,4,1,2,13,1,1172,1,1,1,0,0,6,0,0,6,0,0,0,3,1,9,0,6,4,1,0,1,3,18,0,0,0,0,0,0,0,0,0,0,0,0,0,0,0,0,0,0,0,0,0,0,6
3041,non_winner,2016,The Determinants of Leverage in Buyouts Before and After the Financial Crisis of 2008,2,41,184,0,0,13588,41,35,33,12,6,4,1,3,5,1,198,0,0,0,0,0,5,0,0,5,5,0,0,3,0,1,0,0,0,1,42,0,5,0,0,0,3,0,0,0,0,0,0,0,0,0,5,0,0,0,0,0,0,0,0,5,11
3047,non_winner,2016,Corporate Bond Yield Spreads: A Search-based Sentiment Approach,2,39,147,1,0,13320,39,63,59,29,15,5,3,5,0,1,659,0,0,1,0,0,0,0,2,14,21,0,0,1,0,0,0,0,7,2,178,1,0,0,0,0,0,0,1,0,0,0,5,0,0,0,0,1,0,0,0,0,0,0,0,0,29
3074,non_winner,2016,Earnings Surprises and the Cross-Section of Stock Returns,2,34,193,0,0,9414,34,18,18,6,2,2,0,1,0,1,770,0,0,0,1,0,0,0,1,1,0,0,0,1,0,0,0,0,13,7,164,1,0,0,0,0,0,2,0,0,0,0,0,0,0,0,0,0,0,2,0,0,0,0,0,0,17
3083,non_winner,2016,Bond Market Access and Financial Leverage,2,33,197,0,0,10201,33,15,15,7,3,0,0,0,0,1,1099,0,0,1,0,0,0,1,1,1,1,0,0,58,0,0,0,0,12,3,87,1,1,0,0,0,0,0,0,0,0,0,0,0,0,0,0,0,0,0,0,0,0,0,0,5,11
3093,non_winner,2016,Insider trading and excess returns: Evidence from the Swedish stock market,2,34,149,1,0,11429,34,20,19,9,4,2,1,0,5,1,454,0,1,0,0,0,18,25,0,3,1,0,0,41,0,1,0,0,8,1,301,1,5,14,0,0,4,0,0,0,0,0,0,0,0,0,0,0,2,0,0,0,0,0,0,0,2
3103,non_winner,2016,Company revaluation after failed takeover bids - A study of the Nordic stock markets between 1985 and 2015,1,30,102,0,0,10113,30,10,10,2,1,0,0,2,3,1,1328,1,1,0,0,0,2,0,0,1,3,0,0,30,18,1,7,0,1,5,0,1,2,0,0,0,0,0,0,0,0,0,0,0,0,0,0,0,0,2,0,0,0,0,1,0,0
3231,non_winner,2017,It takes two to tango: The relationship between pay-performance sensitivity and remuneration committees,2,40,166,1,0,11314,40,48,44,13,2,5,0,0,15,1,594,1,0,0,0,0,0,3,0,6,4,0,0,32,0,3,2,2,12,0,107,0,1,0,0,0,13,0,2,0,0,0,0,1,0,0,0,0,0,1,0,0,0,0,0,1,15
3247,non_winner,2017,The Pre-Monetary Policy Announcement Drift on the Stockholm Stock Exchange,2,51,174,0,0,17489,51,60,53,25,8,7,1,5,24,1,1116,0,1,0,0,3,1,3,0,10,2,0,0,196,0,3,0,2,6,0,14,1,1,0,0,0,0,0,0,0,0,0,0,0,0,0,0,0,0,1,0,0,0,0,0,1,30
3249,non_winner,2017,Value Relevance of Environmental Capital Expenditures: New Evidence from the EU/EES Electric Utilities Sector,2,48,132,1,0,15349,52,83,77,5,2,0,0,5,9,1,1081,0,1,0,0,0,1,1,0,3,8,0,0,3,1,23,0,2,7,0,69,0,1,0,0,0,0,0,7,0,0,0,1,0,0,0,1,0,0,1,1,0,2,0,0,0,57
3255,non_winner,2017,Can Investors Benefit from Using a Simple Fundamental-Based Stock Selection Strategy?,2,44,158,0,1,15874,44,42,41,6,2,2,1,1,1,1,925,1,1,1,0,0,3,7,0,2,10,0,0,35,0,1,0,0,9,3,23,1,0,0,0,0,0,0,0,0,0,0,0,0,0,0,3,0,0,9,0,0,0,0,0,0,11
3259,non_winner,2017,Overvaluation in the housing market and its effect on the performance of listed real estate companies,2,50,169,0,0,11331,50,32,28,4,2,1,1,3,29,1,1027,1,0,1,0,0,0,0,0,2,9,0,0,196,109,0,0,0,21,12,54,1,3,0,0,0,12,0,0,0,0,0,0,0,0,0,0,0,0,4,0,0,0,11,0,0,0
3263,non_winner,2017,The Predicament of Excess Cash and M&A in an Agency Conflict Context: Evidence from the U.S,2,33,228,1,0,12662,33,20,20,10,3,5,0,1,2,1,666,0,0,0,0,0,0,3,0,3,0,0,0,3,0,1,0,0,9,5,0,0,5,4,0,0,0,0,0,0,0,0,0,0,0,0,5,0,0,0,0,0,0,0,0,0,16
3273,non_winner,2017,The 2008 Financial Crisis Impact on Capital Structures Within the Shipping Industry,2,39,199,0,0,11351,39,34,33,13,9,3,0,0,6,1,673,0,0,1,0,0,0,0,0,2,8,0,1,2,1,2,0,0,3,1,7,1,1,0,0,0,4,0,1,0,0,0,0,0,0,0,4,0,1,0,0,0,0,0,0,0,65
3324,non_winner,2017,Dual-class share structures in family firms and the effect on innovation,2,41,172,0,0,13097,42,38,37,19,4,4,2,1,3,1,,,,,,,1,1,0,2,8,0,0,26,0,2,1,2,6,0,110,0,4,0,0,0,8,0,1,0,0,0,2,0,0,0,0,0,0,4,0,0,0,0,0,0,25
3327,non_winner,2017,Does Firm Size Matter? Measuring the Operational Performance Development in Management Buyouts,2,41,124,0,1,17095,41,44,42,12,2,7,0,4,0,1,243,0,0,0,0,0,1,1,2,5,5,0,0,42,4,0,0,4,5,0,105,1,4,0,0,0,0,0,2,0,0,0,0,0,0,0,0,0,5,2,0,0,2,0,0,5,35
3329,non_winner,2017,On the pricing of non-convertible preferred stock offerings,2,51,176,0,0,19801,51,58,0,37,16,13,4,0,0,1,406,0,0,0,0,0,0,0,4,15,6,0,0,1,0,0,0,0,9,2,95,0,0,0,0,0,14,0,0,0,0,0,1,0,0,0,2,0,13,0,0,0,0,0,0,0,33
3342,non_winner,2017,Breaking Through the Great Wall of Guanxi: How Western venture capitalists initiate and build guanxi with founders of Chinese startups,2,38,384,1,0,14252,38,35,32,0,0,0,0,0,1,1,1612,1,1,0,0,0,6,1,0,0,0,0,0,7,0,1,12,0,1,2,0,1,1,0,0,0,0,0,0,0,0,0,61,5,0,0,0,0,0,0,0,0,0,0,0,0,63
3343,non_winner,2017,The Effect of Monetary Policy on the European Corporate Bond Market - Evidence from the yield and credit spread curve term structure,2,48,183,0,0,13862,48,45,40,10,3,0,0,1,33,1,348,0,0,0,0,0,0,1,2,3,0,0,0,3,0,0,0,0,4,4,270,1,0,0,0,0,0,0,0,0,1,0,0,0,0,1,0,0,0,1,0,0,0,0,0,0,27
3371,non_winner,2017,"The older the fiddle, the sweeter the tune? A study of the relationship between age and performance of actively managed Nordic equity mutual funds",2,58,198,0,1,11618,58,10,10,7,3,2,1,0,0,1,,,,,,,2,0,0,22,0,0,0,6,12,0,2,0,4,4,29,1,8,0,0,0,0,0,0,0,0,0,0,0,0,0,0,0,0,4,0,9,0,0,0,0,0
3393,non_winner,2017,Stock Market Reactions to Corporate Misconduct,2,42,141,0,0,12915,42,33,33,21,9,4,3,1,0,1,878,0,0,0,0,0,0,1,0,6,6,0,0,7,0,0,0,1,6,6,165,0,0,5,0,0,1,0,0,0,0,0,0,0,0,0,0,0,0,2,0,0,0,0,0,0,7
3396,non_winner,2017,Constructing a Volatility Risk Premium Using Gaussian Process for Regression,2,39,184,0,0,11476,39,41,0,5,0,1,1,0,13,1,380,0,0,0,0,0,3,0,0,2,2,0,0,46,0,0,0,0,6,8,50,1,7,0,0,0,0,0,0,0,83,0,0,0,4,0,0,0,0,1,0,0,0,0,0,0,0
3399,non_winner,2017,The Impact of Competition on Bank Risk Taking Under Negative Policy Rates,2,37,164,0,0,11144,37,18,16,12,3,1,1,0,0,1,1712,1,0,1,0,3,0,3,0,3,6,1,1,28,25,1,0,0,13,4,49,0,1,0,0,0,0,0,0,0,0,0,0,0,0,0,0,0,6,4,1,0,0,0,0,0,0
3415,non_winner,2017,Pre-issue attention and the performance of an IPO,2,35,165,0,0,10050,35,23,22,12,3,1,3,0,0,1,1442,1,0,1,1,0,0,1,1,4,2,0,0,29,1,0,0,0,2,3,6,0,1,0,0,0,0,0,0,0,0,0,0,0,0,0,0,0,0,2,1,0,0,0,0,2,1
3416,non_winner,2017,Macroeconomic determinants of the time-varying correlation between stock and bond returns: A study of the Swedish market,2,39,188,1,0,11011,39,16,16,4,0,0,1,3,0,1,692,0,0,1,0,0,0,0,0,4,0,0,0,59,3,0,0,0,12,0,6,1,0,0,0,0,0,0,0,0,12,0,0,0,0,0,0,0,0,4,0,0,0,8,0,0,0
3419,non_winner,2017,"Predicting Corporate Credit Ratings: A Comparative Study Between Ordered Probit, Neural Network and Random Forest",2,48,132,1,0,19500,48,42,38,9,5,2,0,0,36,1,3167,0,0,0,0,10,0,3,1,0,4,0,0,0,0,0,1,1,8,5,0,1,7,0,0,0,0,0,0,42,0,0,0,0,133,0,1,0,0,0,0,0,0,0,0,0,25
3435,non_winner,2017,"Contracting on the Streets, Agency Problems in Term Sheets:  A Case Study on Financial Contracts in the Swedish Venture Capital Industry",2,40,125,1,0,14216,40,15,15,0,0,0,0,0,0,1,536,0,0,1,0,0,0,0,0,0,0,0,0,16,0,0,0,0,0,0,0,1,0,0,0,0,0,0,0,0,0,0,6,9,0,0,0,0,0,0,0,0,0,0,0,0,57
3439,non_winner,2017,Age Is Not Just a Number: A study on CEO age and the propensity to be acquired,2,55,147,1,0,22013,55,53,51,19,7,3,2,2,6,1,560,0,0,0,0,0,0,1,4,7,6,0,0,77,1,0,0,3,0,2,279,0,2,0,0,0,34,0,3,52,0,0,0,0,0,0,0,0,3,0,3,0,0,1,0,3,40
3445,non_winner,2017,Financial Analysts' Herding Behavior in a Fluctuating Macro-economy,2,35,169,0,0,9568,35,22,22,11,5,1,1,0,4,1,263,0,0,0,0,0,12,1,0,0,5,0,0,3,0,0,0,0,5,4,58,0,1,0,0,0,0,0,0,3,0,0,0,0,0,0,2,0,0,0,0,0,0,0,0,0,51
3454,non_winner,2017,Do Green Buses Make Property Prices Rise? A Regression Discontinuity Approach,2,54,196,0,1,12721,54,16,16,0,0,0,0,0,0,1,459,0,0,0,0,0,0,0,0,5,3,0,0,59,0,3,0,2,6,7,56,0,3,0,10,0,6,0,0,0,0,0,0,0,0,0,0,0,0,2,0,0,1,0,0,0,19
3455,non_winner,2017,Is it worth getting active? A study on active share and fund performance in Sweden,2,31,183,0,1,9158,31,42,34,6,1,3,1,0,10,1,1234,0,0,0,0,5,0,4,0,5,0,0,1,65,0,2,0,0,6,6,39,1,1,0,0,0,3,0,2,0,0,0,1,0,0,0,0,0,2,0,0,7,0,0,1,0,13
3456,non_winner,2017,The Rise of the New European Military Industrial Complex under Trump,2,31,226,0,0,9343,31,,,,,,,,,0,285,0,0,0,0,1,0,0,0,1,0,0,0,1,0,4,0,0,8,0,44,0,3,14,0,0,0,0,0,0,0,0,2,0,0,0,0,0,2,2,0,0,0,0,0,0,0
3470,non_winner,2017,Special Examination -  For Better or for Worse? A study on the minority shareholder protection measure  special examination on Swedish companies.,2,67,125,0,1,21345,67,98,50,13,5,5,0,3,5,1,,,,,,,4,0,1,2,0,0,0,38,0,11,1,8,11,2,959,1,29,1,0,0,27,0,8,6,0,0,2,1,0,0,0,0,0,0,2,0,3,0,0,18,31
3481,non_winner,2017,The Macroeconomic Determinants of Venture Capital Investments,2,60,176,0,0,17211,60,96,70,5,1,2,0,0,60,1,982,0,0,1,0,0,0,2,1,36,0,0,0,5,10,9,0,1,8,2,105,1,1,0,0,0,12,0,10,0,0,0,2,0,0,0,0,0,3,0,0,0,0,0,0,0,52
3483,non_winner,2017,The performance of Nordic private equity-backed IPOs: An empirical study on underpricing and aftermarket abnormal returns,2,40,204,1,0,14598,40,53,52,23,10,11,2,4,2,1,306,0,0,0,0,0,3,0,0,9,3,0,0,21,70,2,2,8,7,2,87,1,5,0,0,0,0,0,0,0,0,0,0,0,0,0,0,0,8,5,1,0,0,0,0,0,28
3484,non_winner,2017,Does CSR Improve Financial Performance?,2,61,149,0,1,17300,61,28,28,0,0,0,0,1,0,1,220,0,0,0,0,0,0,2,0,9,6,0,0,34,2,2,0,2,12,1,195,1,2,0,0,1,36,0,7,0,0,0,1,0,0,0,0,0,0,4,0,0,0,0,0,0,26
3494,non_winner,2017,Diversification benefits of investments in emerging markets - A Swedish perspective,2,48,140,0,0,11697,48,41,40,10,5,2,2,0,0,1,364,0,0,0,0,0,0,0,0,0,15,0,0,49,0,0,0,2,12,1,0,0,2,0,0,0,0,0,0,0,5,0,0,0,0,0,0,0,0,1,0,0,0,0,0,0,22
3507,non_winner,2017,Dressing the Bride Phenomenon - Earnings management on the Swedish IPO market,2,47,135,0,0,12379,49,41,29,4,2,1,0,0,7,1,1424,0,0,1,0,0,0,0,0,0,8,0,0,28,2,1,0,0,6,5,28,1,35,0,0,0,37,0,0,0,0,0,0,0,0,0,0,0,0,0,0,0,1,0,0,2,0
3514,non_winner,2017,Premiums offered by private equity firms post 2008 - An analysis of premiums paid by private equity acquirers compared to private operating acquirers in US PTP transactions,2,55,133,0,0,14478,55,26,13,10,4,4,0,2,3,1,1011,0,0,0,0,0,0,0,0,6,11,0,0,1,0,1,0,3,18,2,144,1,1,3,0,0,0,0,0,0,0,0,2,0,0,0,0,0,0,0,0,0,0,0,0,0,9
3525,non_winner,2017,Profitability and Tax Avoidance,2,40,85,0,0,15388,40,44,44,7,1,4,0,4,1,1,436,0,0,0,0,0,1,4,1,8,17,1,1,4,3,12,0,2,0,2,143,0,43,0,0,0,27,0,4,0,0,0,0,0,0,0,0,0,0,12,0,0,0,0,0,0,8
3529,non_winner,2017,Smart Beta ETFs.Smart Investment or Smart Marketing?,2,54,184,0,1,14332,54,33,32,7,5,1,1,0,11,1,1284,1,0,1,0,0,0,6,0,0,0,0,0,1,0,0,0,7,2,1,0,1,0,0,0,0,0,0,0,0,0,0,9,0,0,0,1,1,0,1,0,1,0,0,0,0,43
3628,non_winner,2017,"Political Uncertainty on the UK Real Estate market, evidence from the Brexit referendum run-up",2,33,149,0,0,11503,33,26,23,7,2,2,0,1,12,1,270,1,1,0,0,0,1,0,0,2,1,0,0,31,0,3,0,0,6,0,111,1,2,2,0,0,0,0,0,0,0,0,1,1,0,0,0,0,0,4,0,0,0,0,0,0,12
3787,non_winner,2017,Did the Covered Bond Issuance Act decrease the required yield of bonds issued to finance mortgage lending?,2,53,118,0,1,16474,53,20,17,1,0,0,0,2,11,1,1450,0,0,1,0,0,0,0,0,1,9,1,1,94,0,9,0,0,10,4,0,1,44,1,0,0,26,0,1,0,0,0,0,0,0,0,0,0,1,7,0,0,0,1,0,0,18
3966,non_winner,2018,Performance and Efficiency of the Nordic Exchange Traded Fund Market,2,44,223,0,0,14783,44,57,50,4,1,0,0,1,27,1,,,,,,,0,17,1,4,3,0,0,42,90,2,0,7,10,6,221,1,0,0,0,0,0,0,1,0,0,0,0,0,0,0,0,0,3,1,0,2,0,0,0,0,40
3975,non_winner,2018,A ticking bomb? Leverage in Swedish Housing cooperatives. A study of consumer inattention toward important financing parameters hidden in the BRF,2,49,171,0,1,11758,49,29,19,1,0,0,0,0,43,1,419,0,0,0,0,0,1,0,0,2,4,0,0,72,1,1,0,2,0,0,218,1,1,0,0,0,29,0,0,0,0,0,1,0,0,0,0,0,0,0,0,0,0,4,6,0,21
3977,non_winner,2018,Herding Behavior in Forecasting of European Companies: Optimism and the Impact of the MiFID,2,41,152,1,0,15451,41,24,21,8,4,0,3,0,9,1,1722,0,1,1,0,0,20,4,0,3,0,0,0,3,3,14,0,0,0,3,332,0,1,0,0,0,0,0,0,4,0,0,0,0,0,0,5,0,0,0,0,0,0,0,0,0,6
3999,non_winner,2018,Should you put some of your eggs in the peer-to-peer lending basket?,2,44,79,0,1,11550,44,45,40,2,2,0,0,8,20,1,1864,1,1,0,1,0,8,0,2,2,0,0,0,3,3,0,0,0,14,6,3,1,0,0,0,0,0,0,0,0,0,0,0,0,0,0,0,0,0,0,0,0,0,0,0,0,26
4001,non_winner,2018,International capital in Swedish businesses: A study of the relationship between foreign ownership and firm performance,2,46,168,1,0,14237,46,39,38,12,3,3,0,0,2,1,572,0,0,0,0,2,1,0,0,26,9,1,0,66,1,0,0,2,12,0,170,1,12,0,0,3,21,0,5,0,0,0,1,0,0,0,0,0,0,5,0,0,0,0,0,0,38
4023,non_winner,2018,Ownership Concentration and IPO Underpricing on the Stockholm Stock Exchange,2,46,197,0,0,17180,48,58,57,23,9,10,2,0,17,1,872,0,0,0,0,1,0,0,0,18,3,0,0,79,3,1,0,3,4,0,119,1,0,0,0,0,0,0,0,0,0,0,0,0,0,0,0,0,4,7,1,0,0,0,0,0,22
4040,non_winner,2018,Bankruptcy Prediction of Swedish SMEs and the importance of CEO characteristics,2,46,165,0,0,14675,46,47,45,3,1,0,0,2,4,1,1510,1,0,0,0,0,1,1,0,3,0,0,0,52,0,2,6,16,10,0,23,1,0,0,0,0,0,0,0,32,0,0,0,0,0,0,0,0,0,0,0,0,0,0,0,3,44
4088,non_winner,2018,Revealing the life above the ceiling - A study of the glass cliff in Sweden,2,42,163,0,0,14743,42,48,47,1,0,0,0,3,43,1,3258,1,0,1,1,3,1,1,4,16,9,0,0,90,2,0,0,0,13,0,0,0,0,3,0,0,2,0,1,0,0,0,0,0,0,0,0,0,0,2,1,0,0,15,0,2,37
4090,non_winner,2018,Capital Structure and Excess Returns across Business Cycles,2,50,138,0,0,16037,50,25,23,10,6,1,0,0,0,1,939,0,0,1,0,3,0,2,0,3,0,0,0,1,0,0,0,0,8,1,280,1,2,0,0,0,6,1,5,0,0,0,0,0,0,0,5,0,0,0,0,0,0,0,0,0,6
4091,non_winner,2018,Private Equity's Effect on Financial Fragility in Sweden,2,49,103,0,0,16792,49,36,33,16,4,3,2,1,14,1,427,0,0,0,0,2,0,1,0,3,28,0,1,79,1,1,1,0,13,4,0,1,67,0,0,0,17,0,0,0,0,0,0,0,0,0,0,0,0,0,0,0,0,0,0,10,19
4092,non_winner,2018,Investor Activity and Returns in the Swedish Premium Pension,2,45,128,0,0,9779,45,15,14,4,2,0,0,0,10,1,322,0,0,0,0,0,1,1,1,3,2,0,0,39,0,1,0,0,0,0,0,1,3,0,0,0,0,0,0,0,0,0,0,0,0,0,0,0,0,0,0,0,0,3,1,0,12
4094,non_winner,2018,Dual-Class Stocks in the Technology Sector - An Asset Pricing Study,2,42,197,0,0,13904,42,29,25,8,3,1,2,0,12,1,993,1,0,0,0,1,0,1,0,3,0,0,0,4,0,2,0,0,11,5,183,1,0,0,0,0,0,0,0,0,0,0,0,0,0,0,3,0,10,0,1,3,0,0,0,0,12
4096,non_winner,2018,The Curse of Private Equity: Exploring the Size-Performance Relationship of Private Equity Firms,2,46,258,1,0,15035,46,45,44,13,5,4,2,5,11,1,1071,1,1,0,0,0,1,0,0,1,0,0,0,2,0,4,0,2,9,5,88,1,0,0,0,0,0,0,0,0,0,0,0,0,0,0,0,0,0,0,0,0,0,0,0,0,25
4097,non_winner,2018,Under the CSR umbrella - The effect of CSR performance and Human capital commitments on Corporate financial performance,2,50,198,0,0,17217,51,41,38,16,10,3,0,0,17,1,1484,0,0,1,1,0,0,3,3,26,0,0,0,63,0,0,0,1,8,0,141,1,2,0,0,0,16,0,4,0,0,0,0,0,0,0,0,0,1,2,1,0,0,0,0,3,10
4100,non_winner,2018,The Green Bond Yield Dilemma,2,44,138,0,0,14393,44,49,40,11,5,2,1,0,28,1,380,0,0,0,0,0,2,0,0,3,8,0,0,66,0,0,2,0,11,5,188,1,0,0,0,0,14,0,3,0,0,0,11,0,0,0,0,0,2,2,0,0,0,0,0,0,39
4101,non_winner,2018,"Nordic Private Equity Performance - Do Nordic Private Equity funds outperform public markets, and how do they compare to their global counterparts?",2,65,222,0,1,24735,69,17,17,8,3,0,4,13,4,1,727,0,0,0,0,0,0,5,0,3,16,0,0,6,111,0,13,0,5,2,9,1,2,0,0,0,0,0,0,0,0,0,0,0,0,0,0,0,0,0,0,0,0,0,0,0,33
4102,non_winner,2018,Does CSR engagement pay off?,2,44,100,0,1,13880,44,60,54,4,0,3,0,2,14,1,1228,0,0,0,0,0,0,0,0,8,7,0,0,24,3,5,1,2,13,0,274,1,0,0,0,1,29,0,36,0,0,0,0,0,0,0,0,0,0,2,4,0,0,0,0,0,16
4103,non_winner,2018,Return Predictability and Strategic Asset Allocation (A study examining return predictability on the Swedish market and strategic asset allocation of the Swedish buffer pension funds.),2,42,147,0,0,15277,42,19,14,5,0,4,1,3,14,1,1448,1,0,1,0,0,0,1,2,7,0,0,0,127,0,2,0,0,10,5,80,0,1,0,0,0,0,0,0,0,12,0,7,0,0,0,0,0,1,1,1,0,0,0,0,0,0
4105,non_winner,2018,Momentum in Stock Returns Following Dispersion and Consensus in Analysts' Forecasts,2,75,109,0,0,17497,75,20,18,15,11,4,0,0,3,1,874,0,0,1,0,2,0,0,0,43,12,0,0,90,0,2,0,0,28,3,0,1,1,0,0,0,0,0,0,0,0,59,0,0,0,0,0,0,5,0,2,0,0,0,0,0,21
4107,non_winner,2018,A not so revolutionizing tax reform - A comparative study of the Swedish Investeringssparkonto and capital gains account,2,44,108,0,0,11524,44,30,29,7,2,0,0,1,15,1,216,0,0,0,0,0,0,0,0,0,0,0,0,31,0,3,0,0,8,11,2,1,4,0,0,0,0,0,0,0,8,0,0,0,0,0,0,0,0,0,0,0,0,0,0,0,12
4110,non_winner,2018,How Investor Characteristics Shape Sin-Stock Performance in Europe,2,44,265,0,0,16671,44,49,45,11,3,5,1,4,38,1,421,1,0,0,0,0,0,1,0,8,16,0,0,15,34,2,0,3,11,0,0,1,0,0,0,0,0,0,0,0,0,13,0,0,0,0,0,0,0,5,0,0,0,0,0,0,39
4113,non_winner,2018,Putting a Piece in the Dividend Puzzle,2,44,198,0,0,10753,44,22,22,4,0,4,0,0,3,1,577,0,1,0,0,0,6,3,0,0,18,0,0,29,1,0,0,0,5,4,5,1,1,0,0,0,0,0,1,0,0,0,0,0,0,0,0,0,0,4,0,0,0,0,0,0,0
4114,non_winner,2018,Navigating the Gender Equality Maze: A study investigating how gender diversity reflects corporate value,2,55,192,1,0,17916,56,24,19,3,0,1,0,1,13,1,756,0,0,1,1,0,0,0,1,5,1,0,0,39,7,0,0,0,7,1,407,0,3,0,0,2,85,0,6,0,0,0,3,0,0,0,0,0,1,0,8,0,0,4,0,6,11
4118,non_winner,2018,Negative equity and its effect on divorce rates,2,41,203,0,0,12057,41,16,16,2,0,1,0,5,0,1,1387,0,0,1,1,0,0,2,1,7,0,0,0,1,0,3,0,0,18,3,194,0,5,0,0,0,40,0,1,0,0,0,0,0,0,0,0,0,0,0,0,0,0,0,0,0,14
4119,non_winner,2018,On the performance of sustainable funds during periods of crisis and non-crisis A quantitative study of the performance of sustainable funds from 2005 to 2013 in Sweden.,2,55,266,0,0,15683,53,27,25,2,2,0,0,0,56,1,863,0,0,0,0,0,0,0,0,49,0,0,0,121,1,0,0,0,15,0,184,1,4,1,0,0,3,0,5,0,0,0,0,0,0,0,0,0,0,0,2,18,0,0,0,0,4
4121,non_winner,2018,Can the corporate bond issuances of Swedish real estate firms be estimated and predicted by publicly available data?,2,68,287,0,1,22924,68,24,23,5,1,1,0,2,2,1,866,0,0,1,0,0,0,0,0,10,0,0,0,158,4,26,0,0,0,0,14,1,3,0,0,0,1,0,9,0,0,0,11,0,0,0,0,0,0,8,0,0,0,1,4,8,0
4123,non_winner,2018,Cross-Firm Variations in Portfolio Recommendations for Robo-Advisors,2,46,183,0,0,12833,46,10,10,0,0,0,0,1,0,1,3107,1,0,0,0,3,2,0,0,1,3,0,0,7,0,0,1,0,11,7,102,0,2,0,0,0,13,0,0,0,0,0,24,0,1,0,0,0,0,0,2,0,0,0,0,0,22
4125,non_winner,2018,Herd Behaviour Myopia: Problems with assessing market rationality on the US stock market based on conventional herding measures.,2,55,158,1,0,16012,56,38,37,8,3,0,1,1,37,1,971,0,0,0,1,0,1,0,4,14,7,0,0,44,0,0,2,6,4,3,170,0,2,0,0,0,0,0,0,0,0,0,0,0,0,0,0,0,0,2,0,0,0,0,0,0,22
4126,non_winner,2018,Analysts' Expectations and Stock Returns on the London Stock Exchange,2,41,119,0,0,10663,41,28,26,16,8,2,1,2,5,1,1052,0,0,1,0,0,0,3,1,4,0,0,0,1,0,0,0,0,4,3,0,1,0,0,0,0,0,0,0,0,0,7,0,0,0,0,0,0,0,1,0,0,0,0,0,0,1
4128,non_winner,2018,Empirical evidence of stock return predictability using macroeconomic variables,2,40,188,0,0,14848,41,41,40,16,7,4,0,1,19,1,401,1,0,0,0,0,0,0,0,4,4,0,0,64,4,0,0,4,6,4,58,0,1,0,0,0,0,0,0,0,15,0,0,0,0,0,0,0,0,5,1,0,0,2,0,0,8
4130,non_winner,2018,Money Talks-Institutional Investors' Ability to Affect Their Holdings Using Norm Based Exclusions and Dialogues,2,50,224,0,0,14529,51,17,17,2,1,0,1,0,62,1,,,,,,,0,1,0,11,22,1,1,10,15,3,0,2,0,0,301,1,9,0,0,0,63,0,5,0,0,0,0,0,0,0,0,0,0,1,0,0,0,0,0,0,19
4131,non_winner,2018,The Effects of Institutional Factors on the Underpricing of Initial Public Offerings,2,44,115,0,0,15222,44,65,64,37,14,15,2,3,0,1,1151,0,0,1,0,0,0,1,0,6,0,0,0,2,0,4,0,2,8,0,322,1,0,0,0,0,0,0,0,0,0,0,0,0,0,0,1,0,0,0,0,0,0,0,0,0,24
4132,non_winner,2018,The Effect of Open-end Index Revisions - A study of market efficiency on the Swedish Stock Exchange,2,44,117,0,0,14762,44,24,24,11,8,1,0,0,0,1,758,1,0,0,0,2,3,2,2,10,1,0,0,22,0,1,5,0,9,14,148,1,0,8,0,0,0,0,0,0,0,0,0,0,0,0,0,0,9,1,2,0,0,0,0,1,1
4136,non_winner,2018,Spin-offs and Shareholder Value Creation: Factors Affecting the Returns Associated with Spin-off Announcements,2,37,190,1,0,12224,37,30,20,10,2,7,0,3,43,1,428,0,0,1,0,0,0,3,1,5,1,0,0,2,0,0,0,0,10,7,31,1,0,2,0,0,0,0,0,0,0,0,0,0,0,0,7,3,0,3,0,0,0,0,0,0,0
4138,non_winner,2018,Does the Introduction of Wind Turbines Have an Impact on Surrounding Property Prices? A Hedonic Difference-In-Differences Approach,2,44,174,0,1,14896,44,24,22,0,0,0,0,0,15,1,543,0,0,0,0,0,0,0,0,11,12,0,0,54,1,0,1,2,9,1,297,1,21,0,0,0,21,0,0,0,0,0,2,1,0,0,0,0,0,0,0,0,0,5,0,0,27
4141,non_winner,2018,The impact of pension financing on company performance,2,60,195,0,0,15283,60,31,24,4,1,2,0,0,17,1,987,1,0,0,0,0,0,1,0,3,0,0,0,68,1,3,0,0,7,5,2,1,5,0,0,0,0,0,0,0,0,0,0,0,0,0,0,0,0,0,4,0,0,0,0,6,20
4146,non_winner,2018,Return Predictability: Can correlation effectively predict returns?,2,63,185,1,1,17020,66,23,23,17,9,6,1,0,2,1,544,0,0,0,0,0,0,2,0,1,3,0,0,59,1,1,3,3,20,0,238,1,1,0,0,0,0,0,0,0,0,0,0,0,0,0,1,0,1,2,1,0,0,1,0,0,1
4147,non_winner,2018,Big Data Strategies - Worth the Hype?,1,48,141,0,1,21076,48,38,37,10,3,3,1,8,17,1,417,1,0,0,0,0,0,2,0,3,6,0,0,3,1,0,0,4,2,2,984,1,0,0,0,0,0,2,1,0,0,0,0,0,0,0,0,0,4,4,0,0,0,0,0,0,2
4148,non_winner,2018,Earnings Manipulation and Excess Returns A study on the Swedish stock exchange,2,44,228,0,0,10833,44,18,12,2,2,0,0,0,15,1,361,0,0,0,0,0,0,1,0,0,8,0,0,32,1,0,0,2,5,5,5,1,3,0,0,0,0,0,0,0,0,0,0,0,0,0,0,1,0,0,0,0,0,0,0,0,1
4149,non_winner,2018,The Effects of Monetary Reward Distribution on Company Performance - Introducing Wage Dispersion Volatility,2,35,204,0,0,9312,35,31,0,4,1,1,0,1,42,1,633,0,0,0,0,0,0,0,0,2,0,0,0,28,0,2,0,0,2,12,8,1,3,0,0,0,1,0,0,0,0,0,0,0,0,0,0,0,0,0,1,0,1,0,0,0,2
4150,non_winner,2018,Consumer bank runs in a world of central bank backed digital currency,2,34,112,0,0,10407,34,21,21,4,0,0,0,1,0,1,765,1,0,0,0,0,4,1,0,1,0,0,0,32,0,0,0,4,1,0,0,0,1,0,0,0,0,0,0,0,0,0,2,0,0,0,0,0,0,0,0,0,0,0,0,0,6
4237,non_winner,2019,Female Corporate Leaders and Firm Financial Performance- A study of 152 Swedish Public Companies during the Period of 2010-2017,2,50,217,0,0,15373,50,32,29,0,0,0,0,0,0,1,841,0,0,0,0,0,0,0,0,3,0,0,0,42,0,0,0,0,4,0,8,0,10,0,0,0,0,0,0,0,0,0,0,0,0,0,0,0,1,0,1,0,0,2,0,4,14
4251,non_winner,2019,Chasing Sustainable Stocks: A Superior Investment Decision? - An ESG Investment Study,2,54,6,1,1,15996,54,47,40,8,5,2,0,1,20,1,545,1,1,0,1,0,2,0,2,9,2,0,0,4,0,3,0,0,9,37,543,1,0,0,0,0,0,0,0,0,0,1,0,0,0,0,2,3,1,3,0,2,0,0,0,0,19
4413,non_winner,2019,Brexit's effect on UK ADRs,2,32,170,0,0,8751,32,22,22,7,1,3,1,0,9,1,940,0,0,0,0,1,3,0,0,7,2,0,0,2,0,2,0,1,0,0,51,0,28,17,0,0,0,0,0,0,0,0,0,0,0,0,0,0,0,0,0,0,0,0,0,6,7
4420,non_winner,2019,Adding Value to the Urban Realm: A Study on Pedestrianization and Property Prices,2,44,179,1,0,12017,44,57,46,1,0,0,0,0,72,1,354,0,0,1,0,0,0,0,2,9,8,0,1,59,4,12,1,3,9,9,231,0,26,0,0,0,27,0,0,0,0,0,0,1,0,0,0,0,0,0,0,0,0,0,0,0,39
4425,non_winner,2019,The New Banking Era: The Effects of the Digitalization on the Efficiency of Swedish Banks,2,37,159,1,0,10539,37,26,4,1,0,0,0,0,12,1,534,0,0,0,0,0,5,1,0,2,0,0,0,88,1,3,0,0,11,0,12,1,0,0,0,0,8,0,1,0,0,0,0,0,0,0,0,0,0,0,0,0,0,0,0,0,14
4428,non_winner,2019,Illiquidity and Stock Returns: Evidence from the 2007-2016 Period on the Stockholm Stock Exchange,2,36,193,1,0,9129,36,30,30,15,5,7,0,0,0,1,640,0,0,1,0,0,1,0,0,8,6,0,0,33,0,0,0,0,8,0,65,1,0,0,0,0,12,0,5,0,0,0,0,0,0,0,0,0,0,1,3,0,0,0,0,0,27
4429,non_winner,2019,A Rigged Path to Success? - A Study of Gender Bias in Venture Funding,2,44,242,0,1,12639,44,17,16,2,0,1,0,0,16,1,,,,,,,2,2,0,3,0,0,0,61,1,0,8,3,6,4,2,1,9,0,0,0,0,0,0,0,0,0,20,5,0,0,0,0,0,0,1,0,0,0,0,0,13
4430,non_winner,2019,The Attitude Behind the Decisions: Sustainability within Asset Management,2,34,120,1,0,7287,34,26,24,5,1,3,0,1,10,1,344,1,1,0,0,0,1,0,0,0,1,0,0,13,0,0,0,3,8,0,2,1,0,0,0,0,0,0,0,0,0,0,12,0,0,0,0,0,0,0,0,0,0,0,0,0,18
4431,non_winner,2019,A Study of the BRF 2.0 Concept - The Impact of Radically Increased Leverage in Swedish Housing Cooperatives,2,58,239,0,0,17583,58,46,40,2,1,0,0,1,47,1,1220,1,1,1,1,0,2,0,1,0,1,0,0,112,0,4,2,0,7,3,9,1,3,0,0,0,8,0,0,0,0,0,3,0,0,0,0,0,0,0,1,0,0,5,2,0,52
4432,non_winner,2019,Insider Gains and Extreme Firm Valuation: Investigating Insider Trading in the Context of Firm Valuation in the Swedish Equity Market,2,44,140,1,0,13425,44,21,20,8,3,3,0,0,2,1,1545,1,1,0,1,0,7,1,6,1,9,0,0,55,26,3,0,1,16,1,0,1,0,0,0,0,0,0,0,0,0,0,0,0,0,0,0,0,0,0,1,0,0,0,1,0,3
4433,non_winner,2019,The issuer perspective on green bonds: A study on why firms issue green bonds on the Swedish capital market,2,41,150,1,0,11866,41,27,21,1,0,0,0,0,36,1,584,1,0,0,0,0,1,0,0,1,0,0,0,54,4,3,0,3,3,6,2,1,6,0,0,0,0,0,0,0,0,0,52,0,0,0,0,0,3,0,0,0,0,0,0,0,19
4434,non_winner,2019,In the Periphery of Financial Markets: Asset Pricing of Cryptocurrencies,2,44,147,1,0,12725,44,39,33,10,7,1,0,0,12,1,789,0,1,0,0,2,2,1,2,14,0,0,0,3,0,1,0,0,12,1,6,1,0,0,0,0,0,0,0,0,0,0,0,0,0,0,0,0,0,0,0,0,0,0,0,0,24
4435,non_winner,2019,How Does the Use of Proceeds Affect the Green Bond Premium?,2,35,160,0,1,11333,35,49,45,5,2,0,1,0,5,1,1241,1,1,1,0,3,1,0,1,3,4,0,0,9,0,2,3,0,6,0,34,1,0,0,0,0,18,0,8,0,0,0,1,0,0,0,0,0,0,7,0,0,0,0,0,0,25
4438,non_winner,2019,Premiums in public buyouts and the impact of CSR,2,46,125,0,0,13514,46,40,33,10,5,4,0,0,18,1,1158,0,0,0,0,0,2,1,1,0,3,0,0,2,0,3,0,3,6,4,28,1,1,1,0,0,0,0,0,0,0,0,1,0,0,0,0,0,2,0,0,0,0,0,0,0,24
4439,non_winner,2019,Sustainable Mutual Funds and Investor Behavior: A Study on Swedish Sustainable Mutual Equity Funds,2,35,194,1,0,12094,40,24,22,4,3,0,0,3,5,1,1131,1,0,0,0,0,0,1,0,7,0,0,0,33,0,0,0,3,11,4,55,1,1,0,0,0,0,0,0,0,0,0,0,0,0,0,1,0,0,0,2,13,0,0,0,0,7
4440,non_winner,2019,Primary market green bond pricing - Is there a difference in issue price between green bonds and non-green bonds in the primary bond market,2,35,123,0,0,9654,36,24,21,1,1,0,0,0,28,1,,,,,,,0,0,1,0,1,0,0,5,0,1,1,0,4,7,0,1,1,0,0,0,0,0,0,0,0,0,3,0,0,0,0,0,1,4,0,0,0,0,0,0,0
4441,non_winner,2019,The Rise and Fall of the Pre-FOMC Announcement Drift,2,29,122,0,0,6776,30,7,7,5,5,0,0,3,1,1,572,0,0,1,0,0,0,4,0,2,0,0,0,47,0,1,0,4,8,2,19,1,2,0,0,0,0,0,0,0,0,0,0,0,0,0,0,0,0,1,0,0,0,0,0,0,8
4442,non_winner,2019,Portfolio Optimization with Catastrophe Bonds,1,48,122,0,0,15301,49,26,0,2,1,1,0,1,8,1,2756,1,1,0,0,3,3,2,0,0,0,0,0,2,0,0,0,0,1,4,10,1,0,0,0,0,0,0,0,0,0,0,0,0,0,0,0,0,1,0,0,0,0,0,0,0,0
4443,non_winner,2019,Overvalued stock: M&A or SEO? A study of the performance and decision making of overvalued firms.,2,34,189,1,1,11464,34,27,27,19,6,8,0,0,0,1,837,0,0,1,1,4,0,1,1,1,5,0,0,2,0,0,0,0,5,4,31,1,0,8,0,0,0,0,0,24,0,0,0,0,0,0,5,0,0,0,0,0,0,0,0,0,1
4444,non_winner,2019,Brexit and Sweden: An Examination of the Swedish Stock Market's Reaction to Brexit,2,48,172,1,0,13284,48,58,55,12,7,3,0,2,24,1,,,,,,,3,0,0,4,1,0,0,74,1,3,0,3,8,1,77,1,5,32,0,0,0,0,0,0,0,0,1,0,0,0,0,0,0,7,0,0,0,0,0,0,31
4445,non_winner,2019,Dry Powder in Private Equity: How Does It Relate to Performance and What Are the Implications for Investors?,2,34,263,1,1,9465,34,31,30,12,4,3,2,3,0,1,995,1,1,0,0,0,1,0,0,2,3,0,0,4,0,0,0,2,4,3,48,1,1,0,0,0,0,0,0,0,0,0,0,0,0,0,0,0,2,0,1,0,0,0,0,0,20
4446,non_winner,2019,"There is such a thing as a free lunch, but it will cost you: a study on costly arbitrage and the index effect",2,49,150,1,0,14716,49,34,31,16,9,1,1,1,4,1,641,1,1,0,0,2,1,3,0,7,0,0,0,297,2,0,0,4,12,4,98,1,2,1,0,0,0,0,0,0,0,0,0,0,0,0,0,0,0,0,4,1,0,0,0,0,1
4447,non_winner,2019,Retention of Equity: Can It Mitigate the Hidden Costs in Initial Public Offerings?,2,50,214,1,1,14574,50,38,34,16,8,5,1,0,5,1,944,0,0,0,0,0,0,2,0,7,3,0,0,5,0,2,0,0,8,0,58,1,2,0,0,0,0,0,0,0,0,0,0,0,0,0,1,5,0,7,3,0,0,0,0,0,50
4448,non_winner,2019,More Is Less - Scalability in Swedish Mutual Equity Funds,2,39,133,0,0,12520,39,35,34,15,7,3,2,0,20,1,518,0,0,1,0,0,1,2,0,6,1,0,0,42,0,3,0,2,11,3,93,1,1,0,0,1,25,5,18,0,0,0,0,0,0,0,0,0,0,0,0,17,0,0,0,0,20
4449,non_winner,2019,Combining Value and Quality on the Swedish Equity Market: Does it hold over time?,2,42,234,1,1,16105,42,52,46,13,6,5,1,2,14,1,,,,,,,4,2,0,1,0,0,0,40,19,3,0,3,1,15,0,1,4,0,0,0,0,0,0,0,0,0,0,0,0,0,0,0,9,0,1,0,0,0,0,0,30
4450,non_winner,2019,An Offer Africa Can't Refuse? A Disaggregated Analysis of Chinese Vote Buying and African Debt Pressures in The UN,2,48,177,0,1,16327,48,55,38,0,0,0,0,0,87,1,1083,1,1,1,0,1,2,0,1,11,3,0,0,2,0,0,1,4,3,5,37,1,8,0,0,0,3,0,6,0,0,0,0,0,0,0,0,0,0,0,0,0,0,0,0,0,37
4451,non_winner,2019,Banking Relationships and first-day IPO Performance - Evidence from ex-ante pricing of Swedish firms,2,51,182,0,0,21381,51,94,92,42,12,18,2,0,8,1,1073,0,0,1,1,0,8,3,3,15,25,0,0,47,3,0,3,3,4,0,84,0,19,0,0,0,16,0,0,0,0,0,0,0,0,0,0,0,0,0,1,0,1,0,0,1,118
4452,non_winner,2019,Value creation through spin-offs: Swedish evidence between 2010-2018,2,42,160,1,0,11634,42,38,35,17,3,12,0,1,47,1,218,0,0,0,0,0,3,0,0,3,0,0,0,41,0,8,0,2,10,3,18,1,0,10,0,0,0,0,0,0,0,0,0,0,0,0,0,0,0,0,1,0,0,0,0,0,16
4453,non_winner,2019,Should You Sin? Sin Stock Over-performance in the Age of Socially Responsible Investing,2,37,114,0,1,10682,38,29,28,10,6,3,0,8,2,1,941,0,0,1,1,0,0,0,1,6,3,0,0,2,0,0,4,0,12,0,169,1,0,0,0,0,0,0,0,0,0,5,0,0,0,0,4,0,0,0,0,0,0,0,0,0,16
4454,non_winner,2019,She's Back(ed) in Business: A Study About Gender Differences in Crowdfunding Outcomes,2,48,188,1,0,12678,48,36,24,2,0,1,0,2,41,1,633,1,0,0,0,0,6,0,1,1,5,0,0,14,14,0,0,0,8,4,125,1,0,0,0,0,26,0,0,0,0,0,0,0,0,0,0,0,0,0,1,0,0,0,0,0,27
4455,non_winner,2019,The Era of Socially Responsible Investing: Performance of Swedish Socially Responsible Funds During Market Crises,2,45,115,1,0,14697,45,42,41,5,1,2,0,5,8,1,561,0,0,0,0,0,0,5,0,9,11,0,0,49,0,1,0,3,16,0,208,1,0,0,0,0,0,0,0,0,0,0,0,0,0,0,0,0,0,0,3,11,0,0,0,0,16
4456,non_winner,2019,R&D Induced IPO Underpricing - Money Gladly Left on the Table,2,38,163,0,0,13409,38,50,47,31,15,12,1,0,7,1,1337,0,0,1,0,3,0,0,0,5,0,0,0,26,3,2,1,3,7,4,56,1,1,0,0,0,1,0,0,0,0,0,0,0,0,0,0,0,0,0,0,0,1,1,0,3,17
4457,non_winner,2019,Does earnings response following CEO turnovers depend on successor origin?: A study on post-turnover earnings response coefficients in North America,2,41,162,1,1,11161,41,22,22,3,0,2,0,0,2,1,721,0,0,0,0,0,0,2,0,0,1,0,0,3,0,0,0,2,9,2,14,1,0,0,0,0,0,0,0,0,0,0,0,0,0,0,16,5,0,0,0,0,0,0,0,0,28
4458,non_winner,2019,Momentum Returns in Different Market Climates: Evidence from the Pakistani Stock Market,2,31,125,1,0,8816,31,21,21,14,10,2,1,0,0,1,353,0,0,1,0,0,0,0,0,0,1,0,0,2,0,0,0,0,8,0,0,1,0,0,0,0,0,0,0,0,0,0,0,0,0,0,0,0,0,1,0,0,0,0,0,0,0
4459,non_winner,2019,Private Equity & Pets: A study on the effects of Private Equity entry on the Swedish veterinary care market for companion animals,2,47,205,1,0,15188,47,38,33,7,1,1,1,1,12,1,902,0,0,0,0,0,4,0,0,5,0,0,0,63,3,0,11,1,5,10,29,1,3,0,0,0,26,0,7,0,0,0,26,0,0,0,0,0,0,0,0,0,0,0,0,0,47
4460,non_winner,2019,P2P Lending - An Investor's Perspective on the Measurement of Return and Factors Impacting Default Hazards,2,37,134,0,0,13688,39,48,45,6,2,1,0,1,29,1,1741,1,1,1,0,2,1,0,3,1,1,0,0,20,0,2,1,0,9,3,8,1,1,0,0,0,0,0,0,4,0,0,0,0,1,0,0,0,0,0,0,0,0,0,0,5,30
4461,non_winner,2019,When Private Equity Becomes Less Private - A study of aftermarket performance of private equity-backed companies,2,45,137,0,0,14561,45,30,29,16,8,7,0,0,19,1,1806,1,1,1,1,0,2,1,2,7,4,0,0,12,43,0,0,6,18,0,42,1,5,0,0,0,0,0,0,0,0,0,0,0,0,0,0,0,0,0,0,0,0,0,0,0,5
4554,non_winner,2020,"Can corporate governance, as a signal of the level of agency cost, have an impact on IPO underpricing? A study on 115 Swedish IPO firms",2,47,114,0,1,15045,47,49,49,15,5,8,0,0,4,1,416,0,0,0,0,0,2,0,1,3,17,0,0,52,0,3,0,4,8,0,79,0,1,0,0,0,8,0,0,0,0,0,0,0,0,0,0,0,0,0,0,0,0,1,0,3,56
4566,non_winner,2020,IPOs & Lockup Length: Can information asymmetry and moral hazard explain lockup length?,2,40,120,1,1,10015,40,28,27,10,5,4,1,1,11,1,958,0,0,1,1,0,1,4,1,11,3,0,0,49,4,3,0,3,13,0,6,0,16,0,0,0,0,0,0,0,0,0,0,0,0,0,0,1,0,2,0,0,1,0,1,0,16
4609,non_winner,2020,Abnormal returns through spin-offs: Empirical review of Swedish spin-off cases with announcement date between 2004-2018,2,28,180,1,0,8513,29,23,23,8,1,7,0,1,0,1,,,,,,,0,0,0,1,0,0,0,16,1,2,0,0,0,19,0,0,0,5,0,0,0,0,0,0,0,0,0,0,0,0,0,0,2,0,0,0,0,0,0,0,12
4627,non_winner,2020,The Role of Venture Capital Funding on IPO Underpricing: A Study on U.S. IPOs Between 1985 and 2020,2,28,215,1,0,9592,28,17,17,8,2,5,0,0,1,1,1121,1,1,1,0,0,1,5,0,9,0,0,0,2,0,0,0,0,0,6,0,0,2,0,0,0,0,0,0,0,0,0,0,0,0,0,0,0,0,0,0,0,1,0,0,0,14
4628,non_winner,2020,Recurrent Neural Networks for volatility estimation -  a comparative study of machine learning and traditional methods for volatility estimation,2,35,100,0,0,8612,35,28,24,4,0,0,0,0,1,1,544,1,1,0,0,0,1,0,0,0,0,0,0,2,0,0,0,0,0,19,0,0,3,0,0,0,0,0,0,0,37,0,0,0,43,0,0,0,0,0,0,0,0,0,0,0,30
4630,non_winner,2020,Stock Market Reactions to Dividend Initiations and Omissions: Evidence from Nasdaq Stockholm,2,32,177,1,0,12926,32,,,,,,,,,0,,,,,,,7,5,0,8,0,0,0,85,3,0,0,1,11,0,150,0,0,0,0,0,0,0,0,0,0,0,0,0,0,0,1,0,0,7,0,0,1,3,0,0,3
4631,non_winner,2020,Carb-on or Carb-off? : Carbon-intensive stocks' performance in an age of socially responsible investing,2,,106,1,1,11663,39,44,0,4,1,3,0,11,19,1,804,0,0,0,0,1,0,2,0,10,2,0,0,3,2,1,2,2,10,5,26,0,2,0,0,0,0,0,0,0,0,0,0,0,0,0,0,0,0,9,0,0,0,0,0,0,22
4632,non_winner,2020,The Impact of Coverage Initiations: Do Swedish Small Cap Firms Benefit From Analyst Coverage?,2,36,162,1,1,9009,36,32,30,16,7,5,1,4,4,1,386,0,0,0,0,0,0,6,2,3,0,0,0,44,0,0,0,0,5,2,55,0,4,15,0,0,0,0,0,0,0,0,0,0,0,0,0,0,1,0,1,0,0,4,0,0,13
4633,non_winner,2020,Are investors better safe than sorry? The impact of extreme losses in the return distribution on capital allocation in actively managed equity funds,2,37,157,0,1,12294,37,37,31,12,3,4,0,5,0,1,,,,,,,0,3,3,1,2,0,0,4,0,0,0,0,4,4,3,0,0,0,0,0,0,0,2,0,0,0,0,0,0,0,30,1,0,0,2,2,0,0,0,0,23
4634,non_winner,2020,Innovation in Swedish Companies: The Effect of Private Equity Ownership,2,34,123,1,0,8961,34,19,19,5,3,0,0,3,2,1,,,,,,,0,0,0,2,0,0,0,21,2,0,1,0,0,0,0,0,1,0,0,0,0,0,0,0,0,0,2,1,0,0,0,0,0,0,0,0,0,0,0,0,2
4635,non_winner,2020,Reacting to the eruption of conflict: An event study on the January 2020 U.S. - Iran political escalations and the American defence industry,2,40,136,1,0,15871,40,91,75,5,1,3,0,0,58,1,747,1,0,1,0,0,0,0,0,4,2,0,0,4,0,0,0,2,6,6,141,0,6,40,0,0,0,0,0,0,0,0,0,0,0,0,0,0,0,3,1,0,0,0,0,4,37
4636,non_winner,2020,Is there a Swedish Size Effect? Controlling for Quality,2,38,177,0,1,13235,38,57,41,18,8,9,1,7,9,1,550,0,0,0,0,0,2,5,1,9,6,0,0,124,6,0,0,0,3,4,4,0,0,0,0,0,0,0,0,0,0,0,0,0,0,0,5,0,0,2,1,0,0,0,0,2,12
4637,non_winner,2020,Corporate Payout Policy During the 21st Century,2,22,148,0,0,8404,23,60,40,12,1,7,0,0,0,1,528,0,0,1,0,0,0,2,0,1,0,0,0,2,0,0,0,0,4,2,1,0,4,0,0,0,4,0,2,0,0,0,0,0,0,0,75,0,0,0,0,0,0,0,0,0,10
4640,non_winner,2020,Competition in the Credit Rating Industry: How Competition between Rating Agencies affects Rating Quality,2,34,122,1,0,17404,34,42,32,14,5,3,1,2,13,1,1124,0,0,0,0,0,1,19,1,23,3,0,0,2,0,5,0,0,6,2,130,0,3,0,0,0,54,0,1,7,0,0,0,0,0,0,21,0,0,0,0,1,0,0,0,1,46
4641,non_winner,2020,Dirty Stock Returns in the Era of Sustainability: A Study of the World's Largest Carbon Market,2,39,141,1,0,10557,38,21,21,4,1,1,0,1,0,1,1176,1,1,1,1,0,5,7,1,1,0,0,0,2,1,8,0,2,5,4,0,1,1,2,0,0,0,0,0,0,0,0,0,0,0,0,0,0,0,1,0,0,0,0,0,0,1
4642,non_winner,2020,The Hot Tech Issue Market:  A Study on Underpricing and Long-Run Post-IPO Performance of Swedish IPOs,2,40,107,1,0,14160,40,47,46,10,5,3,0,0,21,1,414,1,1,1,1,0,5,4,2,3,2,0,0,71,8,0,0,0,10,2,107,0,0,0,0,0,3,0,0,0,0,0,0,0,0,0,0,0,0,9,11,0,0,0,0,1,37
4643,non_winner,2020,What is the Optimal Allocation Level to Real Estate in a Swedish Mixed-Asset Portfolio Including both Direct and Indirect Real Estate?,2,44,185,0,1,15373,44,50,50,3,2,1,0,0,4,1,998,1,0,0,0,6,0,4,0,0,1,0,0,102,0,0,0,0,9,3,0,0,2,0,0,0,9,0,0,0,0,0,0,0,0,0,0,0,0,0,1,0,0,2,0,0,22
4644,non_winner,2020,Politicians for Rent: An Investigation of the Financial Value of Rent Seeking Activities in Hong Kong,2,44,147,1,0,13088,44,40,31,4,0,1,1,1,41,1,466,0,0,1,0,1,0,1,1,1,3,0,0,4,0,2,0,0,8,0,18,0,1,2,0,0,6,0,1,0,0,0,0,0,0,0,0,0,0,4,1,0,0,0,0,0,11
4646,non_winner,2020,Care to Specialise? A Swedish Study on the Effects of PE Ownership and PE Specialisation Strategies on Company Operating Performance,2,47,131,0,1,16277,47,57,55,21,6,9,4,3,7,1,588,0,0,0,0,0,0,3,1,7,1,0,0,39,1,0,0,1,8,0,265,0,0,0,0,0,0,0,0,0,0,0,0,0,0,0,0,0,0,5,0,0,0,0,0,6,34
4654,non_winner,2020,Better off Without You? A Study on Capital Allocation Efficiency of Spin-offs in the United States,2,38,144,0,1,11045,38,23,23,15,7,7,0,3,0,1,415,1,0,0,0,0,2,2,0,12,2,0,0,2,0,0,0,3,7,0,0,0,0,0,0,0,9,0,6,0,0,0,0,0,0,0,8,0,0,0,0,0,0,0,0,0,8
4656,non_winner,2020,Default Risk Within Peer-to-Peer Credit Markets ,2,31,142,0,0,12339,31,15,15,8,0,1,4,0,3,1,1751,0,0,1,1,0,1,0,1,0,1,0,0,2,12,0,0,0,7,2,212,0,8,0,0,0,0,0,0,0,0,0,0,0,0,0,0,0,0,0,0,0,0,0,0,0,11
4657,non_winner,2020,Price Shocks and Investor Irrationality,2,45,252,0,0,18936,45,40,38,17,7,8,0,0,6,1,1475,0,0,0,1,0,1,7,2,24,15,0,0,44,6,0,0,1,14,6,32,0,4,11,0,0,0,0,0,0,63,0,0,0,0,0,0,0,0,1,1,0,0,0,0,0,42
4659,non_winner,2020,A Comparison of Asset Pricing Models on Nordic Markets,2,48,113,0,0,12950,48,14,13,12,3,6,0,0,6,1,640,0,0,0,0,0,0,4,0,9,0,0,0,12,62,2,0,3,48,0,2,0,0,0,0,0,0,0,0,0,0,3,0,0,0,0,0,0,0,0,0,0,0,0,0,0,2
4665,non_winner,2020,Probability of Default and Credit Spreads in Banks: Examining a Modified Merton Model for Assessing Bank Risk,2,29,137,1,0,9097,31,15,14,7,2,2,2,6,0,1,,,,,,,0,20,0,1,1,1,0,4,0,0,0,0,10,3,230,0,0,0,0,0,0,0,4,0,0,0,0,0,0,13,5,0,0,0,0,0,0,0,0,0,2
4667,non_winner,2020,Excess Comovement by Index Events: An Extension to the Swedish Stock Market,2,29,163,1,0,12649,29,28,27,20,10,6,3,2,0,1,756,0,0,1,0,0,0,4,0,6,0,0,0,103,1,0,0,0,6,0,0,0,2,0,0,0,0,0,0,0,0,0,0,0,0,0,0,0,0,6,2,1,0,0,0,0,30
4668,non_winner,2020,Private Equity and Capital Expenditures: What Happens After the IPO?,2,30,170,1,1,12531,31,27,24,13,4,5,2,0,9,1,550,0,0,1,0,0,0,0,1,7,11,0,0,5,3,0,0,0,7,3,16,0,2,0,0,0,37,0,0,0,0,0,2,0,0,0,0,0,0,0,0,0,0,0,0,0,21
4670,non_winner,2020,Firm internationalization and the Debt Cost of Capital: Evidence from publicly traded debt in the US,2,33,111,1,0,10412,33,2,0,11,8,0,0,1,2,1,405,1,0,0,0,0,1,9,0,9,0,0,0,2,0,0,0,0,6,0,86,0,1,0,0,0,9,0,0,4,0,0,0,0,0,0,4,13,0,0,0,0,0,0,0,0,4
4673,non_winner,2020,Fama and French Revisited: Value versus Growth in an International Setting,2,32,131,1,0,7683,32,25,25,8,4,2,0,0,0,1,331,0,0,0,0,0,1,12,0,1,0,0,0,7,16,0,0,0,0,0,0,0,1,0,0,0,0,0,0,0,0,0,0,0,0,0,2,2,2,0,0,0,0,0,0,0,1
4674,non_winner,2020,Team Attributes and Investor Attractiveness: The Relationship Between Founder Characteristics and Startup Funding,2,41,152,1,0,12555,41,24,19,1,0,1,0,4,17,1,893,1,1,0,0,0,2,0,0,1,0,0,0,16,38,0,1,0,8,0,0,1,8,0,0,0,0,0,0,0,0,0,1,0,8,0,0,0,0,0,1,0,0,0,0,0,27
4679,non_winner,2020,Interest Rate Volatility and its Effect on Interest Rate Options,2,25,201,0,0,6712,26,14,13,5,3,0,0,0,2,1,366,0,0,0,0,0,1,5,0,3,0,0,0,29,0,0,0,0,8,9,0,0,1,0,0,0,0,0,0,0,0,0,2,0,0,0,0,0,0,0,1,0,0,0,0,0,2
4681,non_winner,2020,Long-Run Performance Trends of Private Equity-Backed IPOs: Evidence from the Nordics,2,34,153,1,0,13840,34,47,43,26,13,9,2,0,35,1,622,1,1,1,0,0,4,0,0,15,7,0,0,51,49,0,0,2,8,1,176,0,0,0,0,0,2,0,0,0,0,0,0,0,0,0,0,0,0,2,0,0,0,0,0,0,23
4682,non_winner,2020,Comparing Apples and Apples: The Impact of Operational Changes on Operational Performance Post LBO,2,33,111,1,0,12475,33,16,9,2,0,2,0,2,4,1,507,0,0,0,0,0,0,0,0,6,0,0,0,33,1,1,1,3,8,5,0,0,6,0,0,0,11,0,1,0,0,0,0,0,0,0,0,0,0,0,1,0,0,0,0,4,5
4683,non_winner,2020,Center of Attention - A Study of Retail Investor Attention and IPO Performance in Sweden,2,,134,0,0,16053,36,58,53,22,7,8,4,0,17,1,564,0,0,0,0,0,0,9,1,1,4,0,0,135,10,0,0,0,12,11,413,0,0,0,0,0,1,0,1,0,0,0,4,0,0,0,0,0,1,2,1,0,0,7,0,5,29
4684,non_winner,2020,Are Acquirers Willing to Pay More for Strong ESG Performance?,2,40,171,0,1,17592,40,43,38,11,4,5,0,0,20,1,,,,,,,0,6,1,5,3,1,0,4,3,4,0,2,9,0,33,0,3,0,0,22,6,0,0,0,0,0,1,0,0,0,0,0,0,39,0,0,0,0,0,0,64
4686,non_winner,2020,"Following the Stream: The Effects of Social Norms on Oil, Gas, and Coal Stocks",2,33,129,1,0,16348,33,30,29,22,8,8,1,0,2,1,653,0,0,0,0,0,0,6,0,19,0,0,0,2,0,0,1,0,8,2,788,0,2,0,0,0,6,0,0,0,0,0,0,0,0,1,16,0,0,0,0,0,0,0,0,0,16
4690,non_winner,2020,The Beta Anomaly in Recessions: Revisiting Beta's role in the Beta Anomaly,2,24,121,1,0,9191,25,13,13,8,2,4,1,0,4,1,560,0,1,1,0,0,1,8,0,0,0,0,0,2,0,0,0,0,4,0,0,0,1,0,0,0,0,0,0,0,0,0,0,0,0,0,2,0,0,0,0,0,0,0,0,0,3
4691,non_winner,2020,Investor Attention and Return Anomalies: Comparing Direct and Indirect Proxies of Investor Attention and Their Effect on the Swedish Stock Market,2,35,104,1,0,15172,36,27,27,20,11,3,5,0,4,1,775,0,0,1,0,0,0,1,0,6,7,0,0,28,2,0,1,0,0,1,259,0,0,0,0,0,1,2,0,0,0,2,0,0,0,0,0,0,0,2,1,0,0,0,0,2,3
4693,non_winner,2020,Marketplace lending - A study of the relationship between alternative lenders and commercial banks,2,43,150,0,0,12527,41,32,24,1,0,0,1,4,23,1,1922,1,1,1,0,4,3,3,0,4,0,0,0,2,0,19,0,3,6,3,169,0,7,0,0,0,36,0,3,0,0,0,0,0,0,0,0,0,3,0,0,0,0,0,0,0,22
4694,non_winner,2020,Examining the Existence of the Financial Distress Risk Anomaly: Evidence from the U.S. Stock Market,2,27,145,1,0,8843,27,19,19,16,9,2,3,0,0,1,830,0,0,1,1,10,0,6,1,4,1,0,0,2,0,0,0,0,0,8,130,0,0,0,0,0,0,0,0,0,0,22,0,0,0,0,3,0,0,0,0,0,0,0,0,0,13
4695,non_winner,2020,Banks' Interest Rate Risk Exposure Under Low Rates: Tracing Exposure from Balance Sheet Positions,2,35,127,1,0,11424,36,24,23,5,1,0,1,12,17,1,1115,1,0,1,0,0,0,9,1,2,0,0,0,2,0,1,0,0,1,5,0,0,1,0,0,0,0,0,0,0,0,0,0,0,0,0,0,2,0,0,0,0,0,0,0,0,5
4699,non_winner,2020,Drivers of Share Price Movements When Earnings are Negative: A Study on SaaS Companies,2,28,184,1,0,10394,28,48,41,17,6,5,2,0,14,1,553,0,0,0,0,2,0,2,0,8,7,0,0,3,0,0,0,4,0,0,10,0,0,0,0,0,8,0,0,0,0,0,0,0,0,0,0,1,0,0,1,0,0,0,0,5,27
4700,non_winner,2020,Sensitivity Matching Through Market Power: Bank Hedging in the Age of Low Interest Rates,2,41,89,1,0,9127,40,41,21,11,4,0,0,5,0,1,533,0,0,1,0,0,0,14,1,0,1,0,0,3,0,0,1,0,8,7,78,0,0,0,0,0,5,0,6,0,0,0,0,0,0,0,0,2,0,0,0,0,0,0,0,0,7
4701,non_winner,2020,Factors Affecting Investment Research - A Study on the Impact of MiFID II on Analyst Coverage,1,43,134,0,0,8898,43,17,17,3,1,0,1,2,0,1,428,0,0,0,0,0,3,1,0,1,0,0,1,6,0,16,1,0,6,7,0,1,49,0,0,0,0,0,2,0,0,0,0,0,0,0,23,2,0,0,1,0,0,0,0,0,17
4705,non_winner,2020,The Invariance Hypothesis and News: Applying the Microstructure Invariance Hypothesis on the Arrival Rate of News,2,28,140,1,0,8417,28,9,9,6,5,0,0,0,0,1,488,1,1,0,0,0,2,5,0,1,0,0,0,2,0,0,0,0,4,0,1,0,0,0,0,0,0,0,0,0,0,0,0,0,0,0,6,0,0,0,0,0,0,0,0,0,2
4879,non_winner,2021,Going Public and Stepping Up: Do companies become more productive after listing on the stock exchange?,2,33,168,1,1,10774,33,29,0,16,6,4,1,2,0,1,1325,0,0,1,1,0,0,0,1,2,0,0,0,37,0,1,1,0,9,4,90,0,0,0,0,0,32,0,5,0,0,0,0,0,0,0,0,0,0,0,4,0,1,1,0,4,39
4882,non_winner,2021,The Existence of Skilled Fund Managers: A Study on Actively Managed Mutual Funds in the US Market,2,31,125,1,0,9878,31,27,22,2,1,0,0,1,0,1,1020,1,1,1,0,0,2,2,0,1,2,0,0,2,0,0,0,2,5,3,0,0,1,0,0,0,0,0,0,0,0,0,0,0,0,0,4,1,0,0,0,0,0,0,0,0,41
4889,non_winner,2021,Myth Busted: Stock Return Anomalies Revisited,2,24,84,1,0,9148,34,17,17,9,5,0,3,0,0,1,1562,1,1,0,0,0,2,22,0,4,2,0,0,3,0,0,0,0,5,7,1,0,0,0,0,0,0,0,0,0,0,4,0,0,0,0,6,0,0,0,1,0,0,0,0,0,16
4892,non_winner,2021,Investment Companies and Predictable Returns,2,30,112,0,0,10592,30,15,15,8,7,0,1,0,3,1,1684,0,0,1,0,0,0,7,0,2,1,0,0,12,1,1,0,0,0,0,62,0,1,0,0,0,0,0,0,0,0,0,0,0,0,0,0,0,0,0,0,0,0,0,1,1,0
4897,non_winner,2021,Financial sponsors' impact on IPO underpricing: A comparison between venture capital and private equity investors,2,46,134,1,0,21096,46,28,26,6,3,2,1,0,13,1,,,,,,,1,1,2,8,4,0,0,38,44,0,0,0,15,1,2,0,0,0,0,0,0,0,0,0,0,0,0,0,0,0,0,0,0,0,0,0,0,0,1,20,40
4900,non_winner,2021,The risk of sub-optimal allocation of government spending when implementing GDP-linked bonds,2,28,171,0,0,7907,28,9,9,3,1,0,0,2,5,1,,,,,,,3,0,0,0,0,0,0,4,0,0,0,0,0,0,0,1,0,0,0,0,0,0,0,0,0,0,0,0,0,0,0,0,2,0,0,0,0,0,0,0,0
4912,non_winner,2021,Research and Development Spending in Bankruptcy Prediction: Examining an Adjusted Ohlson O-score Model,2,45,109,1,0,14937,45,37,35,6,6,0,0,1,12,1,1206,1,1,1,0,0,2,2,2,1,0,0,0,3,0,1,1,2,10,5,16,1,5,0,0,0,3,0,2,19,0,0,0,0,0,0,3,0,0,0,0,0,0,0,0,0,16
4924,non_winner,2021,Dumb and Dumber: A Study of Capital Flows and Cross-sectional Mispricing,2,53,116,1,0,17941,53,45,45,31,15,10,2,1,0,1,812,0,0,0,0,0,0,8,0,3,6,0,0,2,0,0,0,3,0,1,0,0,0,0,0,0,0,0,0,3,0,24,0,0,0,0,5,1,0,0,0,0,0,0,0,0,0
4933,non_winner,2021,Should You Trust Reddit with Your Money? A Machine Learning Approach to Estimating Stock Returns,2,39,152,0,1,10815,41,29,28,5,2,0,1,1,20,1,926,0,0,1,1,0,0,20,1,1,0,0,0,2,0,0,0,0,10,7,1,0,0,1,0,0,0,0,0,0,0,0,0,0,41,1,7,3,0,0,0,0,0,0,0,0,2
4940,non_winner,2021,Female Directors on Corporate Boards of private firms: A study on the impact of board gender diversity on firm performance and corporate risk,2,55,203,1,0,21344,55,77,72,5,0,2,0,1,11,1,2198,1,0,1,0,4,1,2,1,20,6,0,0,38,5,2,1,2,7,0,296,1,7,0,0,1,92,0,5,0,0,0,1,0,0,0,0,0,0,0,2,0,0,3,0,1,82
4955,non_winner,2021,CSR and firm performance: An analysis of the impact of CSR during the COVID-19 market crash of 2020,2,27,140,1,0,12948,33,37,34,2,2,0,0,1,35,1,1539,0,1,1,0,0,2,2,0,1,3,0,0,3,1,4,0,0,6,2,45,0,6,4,0,0,0,0,0,0,0,0,0,0,0,0,6,1,0,24,0,0,0,0,0,1,13
4957,non_winner,2021,Banks' Economic Risk Exposures in a Low Interest Rate Environment,2,42,93,0,0,16770,42,23,23,6,2,0,0,12,1,1,1028,0,0,1,0,0,0,4,0,9,6,0,0,4,0,0,0,0,4,4,369,0,0,2,0,0,0,0,0,0,0,0,0,0,0,1,6,1,0,0,0,0,0,0,0,0,4
4962,non_winner,2021,Swedish Mutual Fund Performance and Persistence,2,53,199,0,0,15294,53,39,38,4,3,0,1,0,7,1,445,1,0,0,0,0,0,1,0,13,6,1,0,104,5,7,0,0,19,9,43,0,5,0,0,0,0,0,0,0,0,0,0,0,0,0,0,0,0,0,2,11,0,0,0,0,1
4968,non_winner,2021,Momentum in Financial Crises: An Evaluation of the Momentum Investing Strategy During Different Time Periods,2,37,157,1,0,13085,37,34,29,5,3,2,0,0,22,1,514,0,0,0,0,0,3,5,0,0,0,0,0,2,0,1,3,1,15,6,383,0,1,0,0,0,0,0,0,0,0,4,2,0,0,0,11,0,0,0,0,0,0,0,0,0,22
4978,non_winner,2021,Too Good to be True: Arbitrage in Bitcoin Markets,2,42,135,1,0,14314,42,50,48,9,3,3,0,4,19,1,895,0,0,1,0,1,1,8,0,5,1,0,0,2,0,2,1,2,5,5,13,0,2,0,0,0,0,0,0,0,0,0,0,0,0,0,0,0,0,0,0,2,0,0,0,0,34
4981,non_winner,2021,"The effects of political uncertainty on options: An empirical study of S&P 500, Euro Stoxx 50, and S&P sectors around political events",2,34,170,1,0,15751,34,42,39,11,4,2,2,4,25,1,,,,,,,0,5,2,6,4,0,0,5,1,14,0,0,0,0,16,0,0,0,0,0,0,0,0,0,0,0,0,0,0,0,0,0,0,0,0,0,0,0,0,0,7
4987,non_winner,2021,The Impact of Private Equity on Firm Resilience and Performance During Crisis: A Study of Portfolio Companies in Sweden,2,41,166,1,0,18017,41,72,64,20,2,8,5,3,67,1,601,0,0,0,0,0,12,4,0,6,11,0,1,84,1,2,5,0,9,6,9,0,26,0,0,0,13,0,0,0,0,0,17,0,0,0,0,0,0,0,0,0,0,2,0,3,32
4994,non_winner,2021,Everything is Relative: Underlying Mechanisms Affecting Investor Reactions to Contrast Effects in the US Financial Market,2,40,211,1,0,11745,41,16,16,2,1,1,0,1,1,1,1548,0,0,1,0,0,0,17,0,2,0,0,0,5,0,0,0,0,6,6,9,0,0,0,0,0,0,0,0,0,0,6,0,0,0,0,0,0,0,0,0,0,0,0,0,0,8
4995,non_winner,2021,Hedging and Diversification Benefits of Cryptocurrencies: A study of a novel asset class,2,46,248,1,0,16743,46,33,0,4,2,1,0,2,15,1,497,0,0,0,0,0,16,3,0,3,20,0,0,3,0,2,0,3,9,3,0,0,2,0,0,0,0,0,0,0,2,0,0,0,0,0,0,0,0,1,1,0,0,0,0,0,40
4998,non_winner,2021,Corporate Social Responsibility and Financial Performance in Economic Recessions: Evidence from the Covid-19 crisis in Sweden,2,29,109,1,0,11169,30,52,42,4,3,0,1,3,20,1,,,,,,,0,1,1,7,0,0,0,60,8,4,0,0,0,0,20,0,4,0,0,0,11,0,3,0,0,0,7,0,0,0,0,0,0,0,2,1,0,0,0,2,11
5011,non_winner,2021,The Effects of Uncertainty on European Mergers and Acquisitions: A Study of the Relationship Between Firm Acquisitiveness and Uncertainty in Europe,2,28,111,1,0,8069,28,23,22,12,2,3,3,4,16,1,1086,1,0,0,0,3,0,1,0,6,3,0,0,5,0,3,0,0,7,1,101,0,0,0,0,0,7,0,0,8,0,0,0,0,0,0,4,0,0,0,0,0,0,0,0,0,32
5014,non_winner,2021,Prevailing in the Crisis: A Study of Swedish Private Equity Portfolio Firms during the Financial Crisis,2,43,149,1,0,16351,44,76,59,5,1,3,0,11,56,1,920,0,0,0,0,5,2,0,5,12,10,0,1,88,0,2,2,4,6,0,154,0,14,0,0,0,13,0,0,0,0,0,4,0,0,0,0,0,0,0,0,0,0,2,0,8,24
5020,non_winner,2021,Information Consumption and Price Informativeness: The Link Between Behavior  and Price Discovery,2,44,131,1,0,15292,44,46,45,23,7,5,4,4,2,1,1555,0,1,1,1,0,8,6,3,5,14,1,0,4,0,0,0,0,0,0,329,0,1,0,0,0,14,0,14,4,0,0,0,0,0,0,5,0,29,0,1,0,0,0,0,0,15
5021,non_winner,2021,Cryptos Left on the Table? Underpricing in Initial Exchange Offerings,2,38,155,0,1,11506,38,44,42,13,7,4,2,3,19,1,523,0,0,0,0,3,0,1,0,2,2,0,0,2,0,4,0,9,0,0,6,0,0,0,0,0,0,0,0,0,0,0,0,0,0,0,0,0,0,0,0,0,3,0,0,0,36
5023,non_winner,2021,FOREIGN IPOS ON STAR SPANGLED EXCHANGES: A STUDY OF IPO UNDERPRICING FROM 2005 TO 2020,2,33,221,1,0,15858,41,56,53,28,10,12,3,0,2,1,581,1,0,0,0,0,4,8,0,6,10,0,0,2,0,0,0,0,11,5,172,0,0,0,0,0,0,0,0,0,0,0,0,0,0,0,0,0,0,2,0,0,0,0,0,3,22
5027,non_winner,2021,Do buyouts still have an operating impact?,2,28,120,0,1,10843,28,40,33,4,1,3,0,3,34,1,771,1,1,1,1,0,1,2,2,2,2,0,0,35,2,1,0,0,6,0,2,0,6,14,0,0,0,0,0,0,0,0,1,0,0,0,0,0,0,6,0,0,0,0,0,5,20
5030,non_winner,2021,What Happened to Louisiana? A Case Study on the Economic Growth Effects of Hurricane Katrina,2,83,230,0,1,34654,83,90,85,11,0,0,0,3,14,1,1516,1,1,1,0,0,7,10,5,19,14,1,1,2,0,1,0,0,5,22,8,1,16,0,0,0,0,0,1,0,0,0,2,29,0,0,0,0,0,0,0,0,0,0,0,0,31
5033,non_winner,2021,Hot Commodity? The Commodity Currency Hypothesis and the Financialisation of Commodity Markets,2,43,205,0,1,11661,43,35,33,4,2,1,0,3,3,1,326,0,0,0,0,0,7,4,5,2,5,0,0,1,10,4,1,5,0,1,29,1,1,0,0,0,0,0,0,0,0,0,0,2,0,1,0,0,0,0,0,0,0,0,0,0,24
5034,non_winner,2021,Publicly Listed or Privately Held: A Comparison of Investment Behavior,2,34,137,1,0,14382,34,34,33,27,7,5,6,1,3,1,1048,0,0,1,0,0,0,1,2,4,3,0,0,33,1,0,0,4,7,1,561,0,0,0,0,0,12,0,2,1,0,0,0,0,0,0,0,0,0,0,2,0,1,2,0,9,27
5063,non_winner,2021,A study on the influence of CSR on Nordic stock performance during Covid-19,2,31,162,0,0,11961,38,66,63,5,1,2,1,2,58,1,862,0,1,0,0,0,1,2,0,7,12,0,0,21,45,12,0,0,0,0,8,0,5,0,0,0,0,0,0,0,0,0,0,0,0,0,0,0,0,0,0,0,0,0,0,4,32
5180,non_winner,2022,Determinants of Capital Structure: An Empirical Study on Swedish FinTech Firms,2,42,153,1,0,16857,42,50,49,18,9,7,0,4,0,1,1193,0,0,0,0,0,0,0,0,7,3,0,0,50,0,3,0,18,0,2,40,0,4,0,0,0,0,0,5,0,0,0,0,0,0,0,0,0,1,0,0,0,0,0,0,4,79
5201,non_winner,2022,Changes in the Insider Trading Scene During the Covid-19 Pandemic : A Comparative Study of Insider Trading Behaviour Before and During Covid-19,2,34,147,1,0,11713,34,19,19,7,3,2,1,0,4,1,2037,0,1,1,0,0,1,6,0,5,0,0,0,40,0,2,0,0,0,0,165,0,2,0,0,0,5,0,0,0,0,0,0,0,0,0,0,0,0,8,0,0,0,7,0,0,12
5202,non_winner,2022,The Green Taxonomy: An Event Study to Evaluate the Impact of EU Taxonomy Announcements on European Sustainable Companies,2,51,163,1,0,14010,51,54,51,5,4,1,0,2,22,1,978,1,1,1,0,0,3,2,0,11,3,0,0,16,2,22,2,1,19,11,0,0,5,26,0,0,0,0,0,0,0,0,0,0,0,0,0,0,0,0,1,0,0,0,0,2,42
5205,non_winner,2022,Training AI for asset pricing,2,18,162,0,0,5279,18,5,5,0,0,0,0,2,1,1,587,1,0,0,0,0,0,4,0,1,0,0,0,2,0,0,0,0,0,1,0,1,0,0,0,0,0,0,0,0,0,0,0,0,39,0,1,3,0,0,0,0,0,0,0,0,1
5208,non_winner,2022,Government Interventions During a Crisis: An Event Study of the Extraordinary Budget Announcements' Effect on the Swedish Stock Market,2,41,154,1,0,17092,41,70,55,21,7,3,5,7,28,1,605,1,1,0,0,0,1,3,3,9,5,0,0,93,1,5,0,3,6,2,154,0,5,16,0,0,0,0,0,0,1,0,0,0,0,0,0,0,0,2,1,0,0,0,0,0,42
5211,non_winner,2022,CEO Compensation in Times of Crisis,2,37,101,0,0,11463,37,18,18,4,1,3,0,0,0,1,1810,1,1,0,0,2,7,0,0,3,5,0,0,1,0,4,0,2,5,0,218,0,5,0,0,0,2,0,0,0,0,0,1,0,0,0,8,0,0,0,0,0,0,0,0,8,0
5213,non_winner,2022,"Complexity, Order and Underpricing: An Empirical Study of Underpricing in Technology IPOs",2,25,145,1,0,10652,25,26,26,17,8,5,4,0,0,1,1395,1,0,0,0,0,2,0,0,4,0,0,0,2,0,1,0,0,0,2,45,0,1,0,0,0,0,0,0,0,0,0,0,0,0,0,0,0,0,0,0,0,0,0,0,0,63
5214,non_winner,2022,Winds of Change: How Swedish Wind Power Generation is Impacting Electricity Prices,2,46,172,1,0,15222,46,46,46,0,0,0,0,0,0,1,682,1,0,0,0,0,0,0,0,0,0,0,0,115,34,1,0,2,9,11,350,1,0,0,0,0,0,0,0,0,22,0,1,0,0,0,0,0,0,0,0,0,0,2,0,0,56
5218,non_winner,2022,Escaping the Taxman,2,37,133,0,0,15028,37,19,15,7,2,2,1,0,20,1,2412,1,1,1,0,1,4,0,0,3,0,0,1,5,2,10,0,1,5,0,0,0,40,0,0,0,9,0,1,0,0,0,0,0,0,0,0,1,0,0,0,0,0,0,0,0,20
5226,non_winner,2022,Sustainable Investments and Stock Returns: A Study of the COVID-19 Pandemic,2,45,152,1,0,18529,45,42,35,15,9,5,0,5,62,1,,,,,,,0,3,1,6,5,0,0,14,7,7,0,0,0,2,306,0,3,0,0,0,0,0,0,0,0,0,0,0,0,0,0,0,0,43,0,0,0,0,0,6,39
5229,non_winner,2022,Can FEARS predict market returns?,2,30,131,0,1,10200,30,43,42,16,7,4,2,3,2,1,1217,0,0,1,0,0,0,4,0,11,15,0,0,2,0,0,0,0,6,3,4,0,0,0,0,0,0,0,0,0,0,1,2,0,0,0,8,6,0,0,0,0,0,0,0,2,15
5230,non_winner,2022,The Effect of Banking Relationships and Prospectus Transparency on IPO Underpricing,2,29,97,0,0,12319,30,27,26,16,6,7,0,0,0,1,,,,,,,0,1,3,9,3,0,0,8,16,3,0,0,0,0,199,0,3,0,0,0,21,0,0,0,0,0,0,0,0,0,4,0,0,1,4,0,0,0,0,0,7
5231,non_winner,2022,The Fast Lane:  Event study of stock price adjustments in conjunction with FDA accelerated approval announcements.,1,26,96,1,0,8872,26,24,24,2,1,0,0,0,5,1,705,1,1,0,0,1,2,1,0,1,3,0,0,3,0,7,0,1,6,4,42,0,0,15,0,0,0,0,0,0,0,0,0,0,0,0,0,0,0,0,0,0,0,0,0,0,8
5232,non_winner,2022,Active versus passive: Does increased investments in passive funds have an effect on active fund performance?,2,30,136,1,1,7357,30,20,19,10,7,0,1,0,4,1,475,0,0,0,0,0,0,0,1,6,0,0,0,2,0,0,0,0,5,1,0,0,2,0,0,0,0,0,0,0,0,0,0,0,0,0,7,0,0,0,0,25,0,0,0,0,44
5234,non_winner,2022,"To Disclose, or Not to Disclose, That Is the Question: The Impact of ESG Disclosure on Retail Investors in an IPO Setting",2,54,166,1,0,17625,54,55,52,3,2,1,0,2,16,1,1682,1,1,0,1,1,5,0,3,4,0,0,0,32,0,1,0,3,7,7,0,0,2,0,0,0,0,0,0,0,0,0,67,1,0,0,0,0,0,0,3,0,0,0,0,0,32
5236,non_winner,2022,Raising Capital During a Crisis: An Investigation on Market Reactions to Equity Raises Through Rights Offerings and Private Placements in Public Equity Before and During the Pandemic.,2,41,96,1,0,10460,41,18,18,3,1,0,0,0,8,1,,,,,,,3,2,0,4,0,0,0,2,0,0,1,0,0,6,0,0,5,0,0,0,0,0,0,0,0,0,0,0,3,0,0,0,0,0,0,0,0,0,0,7,6
5237,non_winner,2022,Exchange Trades Funds and Constituent Price Informativeness,2,36,136,0,0,11130,36,21,21,10,4,2,1,2,7,1,497,0,0,0,0,0,0,1,0,3,2,0,0,102,0,1,0,0,0,0,0,0,0,0,0,0,0,0,3,0,0,0,0,0,0,0,0,0,0,6,3,0,0,0,0,0,10
5244,non_winner,2022,A new ETF Landscape and its Relationship to the Volatility of its Underlying Assets - An empirical study of the S&P 500,2,37,139,0,0,10393,37,38,37,10,3,3,0,2,35,1,691,0,0,0,0,0,0,1,3,6,1,0,0,3,0,0,0,0,5,3,187,1,0,0,0,0,26,0,1,0,0,0,0,0,0,0,1,1,0,1,0,0,0,0,0,3,8
5245,non_winner,2022,Rational Exuberance: Hedge fund trading strategy in bubbles,2,35,180,1,0,12869,35,24,24,12,4,5,1,1,6,1,1298,1,1,1,0,0,2,5,1,2,3,0,0,2,0,1,0,0,5,10,0,0,8,2,0,0,0,0,6,0,0,0,0,0,0,0,2,0,0,4,0,0,0,0,0,0,13
5246,non_winner,2022,Winning solves everything - The relationship between financial and sports performance in English football,2,43,126,0,0,14594,43,42,40,4,0,0,0,1,4,1,1041,1,1,0,1,0,3,0,1,5,0,0,0,2,0,5,0,4,9,1,68,1,3,1,0,0,2,0,0,0,0,0,0,0,0,0,0,0,0,0,0,0,0,0,0,0,29
5247,non_winner,2022,A New Era of the Swedish IPO Market? A Study of the Impact of Firm Age on Underpricing and Long-Run Post-IPO Performance in the Swedish Financial Markets,2,43,136,0,1,14701,43,20,20,10,5,3,1,0,12,1,645,1,1,0,0,0,9,1,0,8,0,0,0,88,1,0,0,0,10,3,52,0,2,0,0,0,0,0,0,0,0,0,0,0,0,0,0,0,0,3,4,0,0,0,0,0,29
5248,non_winner,2022,Can you turn the Trade-off into a Win-Win situation? A study on implications of incorporating ESG's informative value into portfolio management,2,39,174,0,1,12492,39,28,26,2,1,1,0,1,11,1,1090,1,1,0,0,0,5,16,1,7,2,0,0,7,9,0,0,0,20,0,0,0,1,0,0,0,6,0,3,0,0,0,0,0,0,0,0,0,0,0,2,0,0,0,0,5,44
5249,non_winner,2022,"Executive Stock Incentives and Corporate Payout Policy: How do executive stock incentives affect payouts, and can they be used to mitigate the free cash flow problem?",2,36,206,1,1,11714,36,38,34,10,0,9,0,0,12,1,842,0,0,0,0,0,3,1,0,1,4,0,0,2,0,4,0,0,6,0,0,0,1,0,0,0,6,0,0,0,0,0,0,1,0,0,13,0,0,0,0,0,0,0,0,0,25
5250,non_winner,2022,Does value investing yield abnormal returns?,2,47,115,0,1,13725,47,41,40,1,1,0,0,0,0,1,967,1,1,0,0,0,5,2,0,8,0,0,0,7,17,1,0,3,0,8,0,1,3,0,0,0,0,0,0,0,0,0,0,0,0,0,0,0,2,0,0,0,0,0,0,3,45
5251,non_winner,2022,Google Trends and Stocks: Retail Investing's Effect on Trading Performance of Swedish Large Cap Stocks,2,37,213,1,0,12776,37,,,,,,,,,0,353,0,0,0,0,0,1,0,0,0,17,0,0,32,0,0,0,1,0,0,211,0,5,0,0,0,0,0,5,0,0,0,0,2,0,0,0,0,3,1,0,0,0,0,1,0,0
5253,non_winner,2022,Dancing in the dark: A study over SPAC performance,2,30,129,1,0,11304,30,12,8,0,0,0,0,0,10,1,368,0,0,0,0,0,2,0,2,1,4,0,0,2,0,0,0,0,12,7,10,0,3,0,0,0,0,0,0,0,0,0,0,0,0,0,1,0,0,0,0,0,0,0,0,0,8
5256,non_winner,2022,Credit Supply and its Impact on Small Businesses during the Great Recession: An Empirical Study of Low and High Income Counties in the US,2,49,142,1,0,14609,49,18,13,1,0,0,0,1,0,1,858,0,0,1,0,2,0,10,0,8,0,0,0,3,0,2,0,0,20,1,401,0,4,0,0,0,0,0,0,0,0,0,0,0,0,0,0,0,0,0,0,0,0,0,0,0,0
5262,non_winner,2022,Skin in the Game: Should Investors Care About Manager and Board Member Ownership?,2,28,132,1,1,11187,28,19,19,16,7,6,0,1,0,1,1152,0,1,0,0,2,2,2,0,2,9,0,0,43,73,0,0,1,12,0,32,0,0,0,0,0,0,0,0,0,0,28,0,0,0,0,0,0,0,0,4,0,1,0,0,0,8
5267,non_winner,2022,Are women really more risk averse? A study on gender differences in corporate financial policy decisions,2,46,134,0,1,15727,46,69,39,0,0,0,0,0,0,1,1141,0,0,0,1,2,1,2,6,23,6,0,0,43,1,0,0,11,4,0,55,1,2,0,0,0,32,0,2,0,0,0,3,0,0,0,3,0,0,0,0,0,1,0,0,7,50
5269,non_winner,2022,CSR and Value Creation: Does CSR Performance Affect Merger Outcome?,2,55,180,1,1,18553,55,39,37,2,0,1,0,1,6,1,922,0,0,0,0,0,2,1,1,10,5,0,0,3,0,15,0,0,11,0,407,0,0,4,0,0,52,0,0,0,0,0,2,0,0,0,0,0,0,2,0,0,0,0,0,0,59
5276,non_winner,2022,Profiting from uncertainty: A study on the informativeness of insider trades during the COVID-19 pandemic,2,35,216,1,0,14953,35,29,28,16,8,5,1,2,6,1,2206,1,1,1,0,0,1,5,0,2,1,0,1,2,0,0,0,0,8,3,0,0,23,0,0,0,4,0,0,0,0,2,0,0,0,0,2,4,0,0,0,0,0,0,0,0,18
5277,non_winner,2022,Do Active Fund Managers Outperform their Peers? A Study of Active Management and Performance in the Swedish Mutual Fund Market,2,44,152,0,1,16906,44,19,18,3,1,1,0,4,28,1,1337,1,1,0,1,2,8,3,3,6,1,0,0,114,1,1,0,0,1,3,78,0,4,0,0,0,0,0,0,0,0,0,0,0,0,0,0,0,0,0,1,11,0,0,3,0,14
5286,non_winner,2022,Does Mandatory Sustainability Reporting Decrease ESG-rating Disagreement? A Difference in Differences study on the EU Non-Financial Reporting Directive,2,53,10,0,1,14441,53,57,38,7,3,3,0,3,8,1,1612,0,0,1,0,0,1,4,1,33,10,1,0,95,7,41,1,1,16,6,94,0,31,0,0,0,0,0,0,0,0,0,7,0,0,0,0,0,39,44,4,0,0,0,0,0,19
5288,non_winner,2022,How Press Conferences and their Sentiment Affected Stock Market Volume and Returns during Covid-19,2,71,200,0,0,24732,71,79,63,12,6,1,2,1,107,1,525,0,0,1,0,1,0,1,1,8,4,0,0,218,205,3,0,0,23,4,595,1,2,0,0,0,0,0,0,0,0,0,0,0,0,0,0,0,0,0,0,0,0,0,0,0,45
5290,non_winner,2022,Do They Know?: A Study of the Impact of PDMR Transactions on Stock Market Returns During the Uncertain Market Conditions of the Covid-19 Pandemic,2,51,100,1,1,25554,51,49,31,6,2,2,2,2,65,1,,,,,,,6,17,0,7,4,1,0,45,3,8,0,3,13,0,12,0,15,0,0,0,3,0,0,0,0,0,0,0,0,0,0,0,0,3,1,0,0,0,0,0,35
5294,non_winner,2022,Flirting with the Investor? A Study on the Effects of Female CEOs' Signaling Value on IPO Underpricing,2,30,100,0,1,11959,42,93,88,32,13,9,3,1,20,1,695,1,0,0,1,0,0,0,3,10,10,1,0,22,2,0,0,2,10,2,8,0,2,0,0,0,2,0,0,0,0,0,0,0,0,0,0,0,1,4,1,0,0,1,0,0,73
5296,non_winner,2022,Turning the Titans: Institutional Ownership and ESG Performance in Nordic Firms,2,41,116,1,0,10946,42,11,11,8,1,5,0,4,24,1,389,0,0,0,0,0,3,0,0,2,0,0,0,25,55,1,2,0,4,0,1,0,1,0,0,1,20,0,1,0,0,0,1,0,0,0,0,0,2,26,0,0,0,0,0,8,14
5297,non_winner,2022,"Discounts, Commitments, and the Attractivity of Rights Offerings: A Swedish Example",2,40,161,1,0,13984,41,5,5,4,1,3,0,0,8,1,831,0,0,1,0,0,2,1,0,7,6,0,0,46,9,5,0,4,9,1,0,0,0,0,0,0,0,0,0,0,0,0,0,0,0,0,0,0,0,0,2,0,4,0,0,11,7
5298,non_winner,2022,Predicting the Future with Stock Market Liquidity: A Study of the Swedish Stock Market Liquidity as a Leading Indicator of the Future Business Cycle,2,38,135,1,0,17271,38,55,48,10,4,2,2,0,57,1,1002,1,1,1,1,0,1,4,2,11,0,0,0,46,8,2,0,3,13,4,84,0,1,6,0,0,0,0,0,0,1,0,0,0,0,0,0,0,0,0,2,0,0,3,0,0,15
5299,non_winner,2022,The Influence of Institutional Investors on Initial Coin Offering Performance,2,38,128,0,0,13013,38,60,54,12,6,0,3,6,4,1,1123,0,0,1,1,0,0,3,2,4,7,0,0,2,0,2,0,0,4,1,118,0,0,0,0,12,0,0,0,0,0,0,0,0,0,0,0,0,0,0,0,0,5,0,0,0,63
5302,non_winner,2022,Bidding on Brown while Asking for Green: An Event Study on the Impact of Carbon Emissions on Stock Returns Following the 2016 U.S. Presidential Election,2,35,127,1,0,14457,35,35,25,10,1,6,3,0,43,1,385,0,0,0,0,0,2,5,0,11,2,0,0,2,0,16,0,0,5,0,94,0,3,10,0,0,24,0,0,0,0,0,2,0,0,0,6,3,0,10,0,0,0,0,0,0,30
5313,non_winner,2022,Learning From Investor Attention: Examining the Predictive Power of Investor Attention on Market Returns with Machine Learning,2,26,106,1,0,10651,28,49,49,29,7,9,10,0,0,1,,,,,,,1,7,0,2,0,0,0,2,0,0,0,0,5,1,2,0,0,0,0,0,0,0,0,0,0,0,0,0,27,1,11,0,0,0,0,0,1,0,0,4,45
5314,non_winner,2022,New kid on the block,2,32,160,0,0,13879,32,,,,,,,,,0,,,,,,,0,2,0,6,0,0,0,92,0,3,2,4,8,0,12,0,3,0,0,0,2,0,0,0,0,0,0,0,0,0,0,0,0,4,0,0,0,0,0,0,7
5315,non_winner,2022,Insider Trading and Firm Performance: Does insider trading reflect future firm performance on the Swedish market and how can we interpret their behavior from a financial and regulatory standpoint?,2,26,144,1,1,10657,26,19,17,5,4,0,0,1,12,1,1343,0,0,1,0,0,0,2,1,1,3,0,0,38,0,25,0,0,5,2,52,0,1,0,0,0,0,0,0,0,0,0,2,0,0,0,0,0,0,4,0,0,0,0,2,0,8
5318,non_winner,2022,Media Coverage and the Swedish IPO Market: A Study on Media Coverage and IPO Underpricing in Sweden,2,26,85,1,0,9458,26,27,26,8,2,2,2,0,0,1,482,0,0,0,0,0,2,3,1,1,7,0,0,22,0,1,4,3,0,1,115,0,0,0,0,0,17,0,0,0,0,0,0,0,0,0,0,0,0,2,0,0,1,0,1,2,30
5322,non_winner,2022,Fishing in Troubled Waters: The Effects of Blockholder Ownership and Institutional Transparency on Earnings Management in Europe,2,42,124,1,0,15840,43,67,60,11,1,4,3,0,0,1,312,0,0,0,0,0,1,8,1,2,3,0,0,4,7,6,0,1,9,0,30,0,4,0,0,0,3,0,2,0,0,0,1,0,0,0,0,0,0,2,0,0,0,0,0,0,37
5324,non_winner,2022,The power of momentum: An analysis of momentum extremes within sports betting,1,23,80,1,0,7159,26,14,13,3,3,0,0,0,2,1,536,0,0,0,0,0,1,4,0,3,2,0,0,2,0,0,0,4,5,4,0,0,0,0,0,0,0,0,0,0,0,0,0,0,0,0,0,0,0,0,0,0,0,0,0,0,21
5325,non_winner,2022,Corporate Bond Inventories and Liquidity Risk Pricing,2,29,95,0,0,8107,29,23,23,17,7,6,1,1,0,1,1211,1,0,1,0,0,0,8,0,10,3,0,0,3,0,10,0,0,6,1,0,0,1,0,0,0,0,0,0,0,0,11,0,0,0,0,1,2,0,0,1,0,0,0,0,0,5
5341,non_winner,2022,The acute effects of gun violence on the local housing market: evidence of fatal and non-fatal shootings in northern Stockholm,2,40,117,1,0,13219,40,43,38,6,0,0,0,0,6,1,424,1,1,0,1,0,1,9,1,8,2,1,1,55,1,1,0,0,12,5,1,0,14,0,0,1,5,0,0,0,0,0,2,0,0,0,0,0,0,0,1,0,0,0,0,0,18
5474,non_winner,2022,Sweden's Got a Brand New Tax Rate,2,42,165,0,0,18329,42,40,35,10,3,4,0,0,54,1,946,0,1,1,1,0,5,1,1,24,12,0,1,158,78,23,0,3,0,0,0,0,11,11,0,0,57,0,0,0,0,0,0,0,0,0,3,0,0,0,6,0,1,0,0,1,23
5476,non_winner,2022,When Russia Turned Off the Tap to Europe: An Event Study of the European Stock Market Reaction During Nord Stream Pipeline Announcements,2,45,116,1,0,20147,45,55,37,14,3,4,3,1,56,1,938,1,1,0,0,0,1,11,5,7,13,0,0,6,5,55,0,3,8,5,502,0,5,16,0,0,20,0,9,0,0,0,0,0,0,0,0,0,0,4,1,0,0,0,0,4,51
5488,non_winner,2022,Hot Bull or Cold Bear? How Market Cycles Affect IPO Underpricing,2,31,149,0,1,9930,31,24,22,11,4,6,0,0,26,1,1026,1,1,0,0,0,3,3,0,4,2,0,0,2,0,0,0,0,6,2,1,0,0,0,0,0,0,0,0,0,0,0,0,0,0,0,5,0,0,0,0,0,0,0,0,1,6
5491,non_winner,2022,Sustainable Investing: Effects on Portfolio Returns and Risk in a Nordic Setting,2,43,148,1,0,9744,43,18,0,4,2,0,1,1,28,1,,,,,,,2,0,0,2,3,0,0,4,15,0,0,10,21,10,173,0,1,0,0,0,0,0,0,0,0,0,1,0,0,0,0,0,0,12,0,18,0,0,0,0,0
5492,non_winner,2022,Swedish Corporate Ownership and Choice of Debt: The Effect of Dual Class Shares,2,40,128,1,0,11621,40,41,37,16,1,9,1,0,0,1,1465,1,0,0,0,0,1,3,0,2,7,0,0,33,0,0,0,2,7,0,1,0,0,0,0,0,24,0,3,0,0,0,0,0,0,0,12,0,0,0,0,0,1,0,0,0,33
5502,non_winner,2022,What Goes Up Must Come Down: A Study About Pump-and-Dump Manipulation in the Cryptocurrency Market,2,32,126,1,0,12078,32,12,8,9,2,0,2,7,4,1,468,1,1,1,0,2,1,9,3,0,3,0,0,1,0,11,0,0,3,13,0,0,2,0,0,0,1,0,0,0,0,0,0,0,0,0,0,0,0,0,0,0,2,0,0,0,15
5503,non_winner,2022,Web3 Usage and its Value for Crypto,2,34,74,0,0,9261,34,24,24,14,7,4,2,2,0,1,,,,,,,0,15,0,7,1,0,0,2,0,0,0,0,0,0,0,0,2,0,0,0,0,0,0,0,0,17,0,0,0,0,0,0,0,0,0,0,0,0,0,0,6
5515,non_winner,2022,Are Sin Stocks Worth the Sin?,2,41,93,0,1,13670,41,55,53,4,3,1,0,1,43,1,2775,1,1,0,0,0,1,1,0,3,0,0,0,2,3,3,0,0,3,0,55,0,6,0,0,0,0,0,0,0,0,1,0,0,0,0,7,0,8,0,0,0,0,0,0,0,30
5517,non_winner,2022,"Executive Options and Payout Policy in the 21st Century: A Study of Equity Incentives, Corporate Payout Policy, and the Effects of Disclosure Regulation",2,20,158,1,0,8957,21,18,17,12,2,6,0,1,3,1,1186,0,0,1,0,0,0,1,0,3,0,0,1,2,0,41,0,0,3,3,49,0,14,0,0,0,3,0,0,0,0,0,4,0,0,0,43,0,0,0,0,0,0,0,0,0,12
5521,non_winner,2022,Pandemic Reactions: A study on the impact of share repurchase announcements on abnormal returns during the Covid-19 pandemic,2,40,101,1,0,13855,40,70,55,31,14,6,3,0,37,1,1122,1,1,0,0,1,3,6,3,3,9,1,0,4,0,2,0,0,8,2,28,0,8,2,0,0,31,0,6,22,0,0,0,0,0,0,1,1,0,3,1,0,0,0,0,0,31
5522,non_winner,2022,Cryptocurrency Return Predictors -  A Replicative Reassessment        Rising Stablecoin Growth - Cryptocurrency Return Predictors in New Market Conditions,2,32,98,0,0,8366,32,27,25,17,7,6,1,0,35,1,2180,0,0,1,0,1,0,19,0,15,1,0,0,3,0,0,0,0,8,2,1,0,1,0,0,0,0,4,0,0,0,7,0,0,0,0,0,0,0,0,0,0,0,0,0,0,19
5533,non_winner,2022,"Carbon Premium & Policy Uncertainty: An Analysis of Correlation Between Carbon Exposure and Stock Returns, and the Impact of Presidential Elections on Carbon Risk.",2,34,270,1,0,10664,35,46,40,14,4,3,5,5,23,1,417,0,0,0,0,0,0,1,0,5,3,0,0,2,0,17,0,1,0,1,116,0,1,0,0,0,29,0,0,0,0,0,2,0,0,0,0,0,0,16,0,0,0,0,0,0,17
5568,non_winner,2023,The Spillover Effects of Intrastate Conflicts on FDI Flows in Countries Neighbouring the Conflict,2,69,108,0,0,15507,69,19,18,1,0,0,0,2,16,1,787,1,0,1,0,0,3,0,0,11,4,0,1,1,1,0,0,1,6,11,88,1,6,0,0,0,32,0,1,1,0,0,1,0,0,0,0,0,0,0,0,0,0,0,0,0,15
5661,non_winner,2023,The Insider Scoop: A Study on the Effect of Insider Trading and Abnormal Stock Returns During Uncertain Market Condition of the Russia-Ukraine War,2,47,113,1,0,16590,47,14,14,7,3,1,1,0,0,1,806,1,1,1,0,0,4,2,0,4,2,0,0,77,0,11,0,0,23,2,470,0,3,10,0,0,10,0,0,0,0,0,0,0,2,0,0,0,0,0,1,0,0,0,16,0,27
5662,non_winner,2023,The Impact of Carbon Emissions on Stock Returns,2,30,97,0,0,9107,30,20,20,4,1,2,1,2,18,1,640,0,0,0,1,1,2,0,1,14,7,0,0,5,3,12,0,0,4,3,120,0,1,0,0,0,34,0,0,0,0,0,1,0,0,0,0,0,0,17,1,0,0,0,0,0,2
5663,non_winner,2023,Weathering the Storm: A Difference-in-Differences Study on Nordic Private Equity Performance and M&A Activity During the Covid-19 Pandemic,2,39,136,1,0,12350,39,39,39,10,2,3,4,0,0,1,378,1,1,0,0,0,1,2,0,13,22,0,1,13,42,0,0,0,16,4,28,0,56,0,0,0,15,0,0,19,0,0,1,0,0,0,0,0,0,0,0,0,0,0,0,0,25
5666,non_winner,2023,Unemployment and Household Debt - A Practical Example,2,28,90,0,0,7566,28,8,7,3,2,0,0,2,0,1,176,0,0,1,0,0,0,0,1,1,0,0,0,2,0,1,0,0,4,3,92,1,0,0,0,0,44,0,1,0,0,0,0,0,0,1,0,0,0,0,0,0,0,0,0,0,2
5667,non_winner,2023,Green Goes Green: To What Extent Does A Company's ESG Rating Correlate With Its Stock Performance During The Covid-19 Pandemic? A Panel Data Regression Study On The EU Stock Market,2,52,135,1,1,14462,52,34,31,2,1,0,0,2,0,1,1587,0,0,0,0,3,1,3,0,9,5,0,0,6,0,0,0,2,8,1,90,0,2,2,0,0,17,0,4,0,0,0,3,0,0,0,0,0,1,21,0,0,1,0,0,4,25
5674,non_winner,2023,Is Everyone Uninformed? A study of the relationship between profitability and IPO underpricing,2,45,151,0,1,15206,45,62,56,29,13,12,4,0,15,1,325,0,0,0,0,0,0,3,0,8,2,0,0,2,0,0,0,0,0,3,0,0,0,0,0,0,13,0,1,0,0,0,0,0,0,0,8,1,0,9,0,0,0,0,0,6,33
5679,non_winner,2023,Private Equity: The Secret  Sauce for Pandemic-Proof  Performance or Just Another  Quarantine Regret? How PE-backed companies performed during COVID-19 pandemic compared to non-PE-backed companies,2,38,120,1,1,14471,38,45,39,14,1,3,5,0,62,1,4915,0,0,0,0,14,0,4,0,5,6,0,1,76,2,5,3,0,7,0,46,0,14,0,0,0,21,0,1,0,0,0,3,0,0,0,0,0,0,0,0,0,0,0,0,11,6
5682,non_winner,2023,Beyond Credit Ratings: The Role of (E)SG in Sovereign Debt Investments,2,35,147,1,0,7166,35,44,38,2,1,0,0,4,44,1,1065,1,1,0,0,0,5,0,0,3,4,0,0,7,0,3,0,0,5,5,19,0,3,0,0,0,0,0,0,0,0,0,0,2,2,0,0,0,0,0,0,0,0,0,0,0,0
5687,non_winner,2023,ESG Ratings and Stock Market Performance: Evidence of a Shift in Investor Preferences during a Period of Economic Distress in Scandinavia,2,38,117,1,0,10869,38,37,24,0,0,0,0,0,30,1,,,,,,,0,2,1,2,2,0,0,2,0,3,0,0,4,0,50,0,2,0,0,0,0,0,0,0,0,0,0,0,0,0,0,0,0,15,0,0,0,0,0,0,35
5704,non_winner,2023,"Navigating Uncertainty: A Study on the Impact of Policy Uncertainty on Stock Returns, Firm Investment, and Investor Sentiment in the United States",2,32,152,1,0,11919,32,19,19,12,3,2,4,0,19,1,1249,0,0,0,0,1,1,2,0,7,3,0,0,6,0,3,0,4,7,1,0,0,0,0,0,0,9,0,0,0,0,0,1,0,0,0,3,2,0,0,0,0,0,0,0,0,4
5708,non_winner,2023,Company Characteristics and Investments Related to ESG Ratings - Does Ownership Have an Impact?,2,35,87,0,1,9874,35,10,8,4,2,2,0,1,2,1,351,0,0,0,0,0,0,0,3,3,0,0,0,2,0,1,0,4,5,0,39,0,3,0,0,0,0,0,7,0,0,0,0,0,0,0,0,0,0,3,0,0,0,0,0,0,0
5709,non_winner,2023,Broken promises: The failure of green stock outperformance in Europe - the importance of rating coherence,2,38,107,1,0,9661,38,40,33,9,2,4,2,0,9,1,,,,,,,2,7,2,16,0,0,0,3,1,9,0,0,8,3,0,0,0,0,0,0,8,0,6,0,0,0,0,0,0,0,0,0,0,34,0,0,0,0,0,0,19
5712,non_winner,2023,The Patient Risk-Taker: Understanding the Drivers of Wealth and Inequality Across Countries,2,29,139,1,0,14647,29,57,56,18,0,1,0,1,0,1,2664,1,1,1,0,0,1,3,1,3,1,0,0,4,1,0,6,0,7,0,190,0,0,0,0,0,0,0,0,0,0,0,18,0,0,1,0,0,0,0,0,0,0,0,0,0,0
5713,non_winner,2023,Geometric Brownian Motion Option Pricing Model for Professional Football Contracts,2,30,182,0,0,9686,30,21,19,3,0,0,0,0,15,1,1162,0,0,0,0,0,0,6,0,5,1,0,0,0,0,0,0,0,8,5,10,0,1,0,0,0,12,0,1,0,0,0,0,0,0,1,0,0,0,0,0,0,0,0,0,0,19
5720,non_winner,2023,Beyond Borders: Exploring Investor Sentiment and CCEF Prices,2,43,126,1,0,20230,43,30,28,5,2,1,1,0,32,1,1789,0,0,0,0,0,0,6,0,15,2,0,0,3,0,0,0,0,6,2,30,0,8,0,0,0,53,0,1,0,0,0,43,0,0,0,6,6,0,0,1,0,0,0,0,5,59
5722,non_winner,2023,Green Minus Brown: A Comparative Analysis of the Financial Performance of the ESG Factor,2,29,161,1,0,8886,29,18,15,8,1,4,2,3,17,1,680,0,1,0,0,0,2,12,0,5,5,0,0,4,3,2,1,0,8,0,84,0,4,1,0,0,0,0,1,0,0,0,0,0,0,0,0,0,0,28,1,0,0,0,0,0,26
5728,non_winner,2023,Industry Effects on Stock Price Crash Risk: Quantifying Industry Effects and the Effect of Structural Industry Characteristics,2,38,169,1,0,17126,38,38,20,20,4,8,1,0,0,1,181,0,0,0,0,0,0,1,1,9,10,0,0,2,0,2,0,5,7,4,320,0,1,0,0,0,19,0,0,2,0,0,0,0,0,0,36,0,0,0,0,0,0,0,0,0,43
5731,non_winner,2023,A family affair: The relationship between family control and performance in Swedish public firms,2,43,120,1,0,12975,43,20,18,6,1,3,0,0,9,1,526,0,0,0,0,1,0,0,1,15,5,0,0,29,0,1,0,0,24,0,10,0,2,0,0,0,13,0,5,0,0,0,0,0,0,0,0,0,0,0,0,0,2,0,0,13,16
5733,non_winner,2023,Uncorking Profits: Fine Wine for the Bottom Line,2,22,102,1,0,7304,22,21,16,4,0,1,0,0,21,1,1155,0,0,1,1,0,1,0,3,0,1,0,0,4,0,0,0,0,4,5,73,0,0,0,0,0,0,0,0,0,0,0,0,0,0,0,0,0,0,0,2,0,0,0,0,0,12
5737,non_winner,2023,Sustainable Investments in Times of Crisis,2,36,197,0,0,16956,36,33,30,9,2,3,0,0,22,1,1327,1,1,1,0,0,2,2,2,11,3,0,1,47,1,5,0,0,14,4,8,0,15,0,0,0,3,0,3,0,0,0,0,0,0,0,0,0,0,8,2,8,0,0,0,0,19
5739,non_winner,2023,Did Private Equity-Backed Firms Outperform Operationally During Covid-19?,2,35,92,0,1,13785,35,24,22,4,2,0,1,7,7,1,3745,1,1,0,0,1,3,2,0,5,1,0,1,2,0,0,0,0,6,2,2,0,32,3,0,0,20,0,1,0,0,0,1,0,0,0,0,0,0,0,0,0,0,0,0,10,18
5740,non_winner,2023,The Effect of Increasing House Prices on Household Debt in Sweden,2,27,112,0,0,8698,27,15,12,2,0,0,0,3,21,1,492,0,0,1,0,2,0,2,0,0,2,0,0,71,3,0,0,1,8,19,208,0,0,0,0,8,7,0,0,0,0,0,0,0,0,0,0,0,0,0,0,0,0,13,0,0,6
5741,non_winner,2023,Exploring the Diversification Benefits  of NFT Sectors,2,37,124,0,0,13471,41,,,,,,,,,0,,,,,,,0,0,0,0,0,0,0,0,0,0,0,0,0,0,0,0,0,0,0,0,0,0,0,0,0,0,0,0,0,0,0,0,0,0,0,0,0,0,0,0,0
5871,non_winner,2023,Do Stocks Outperform Treasury Bills? Evidence From a Swedish Setting,2,29,97,0,1,10987,30,11,10,5,2,1,1,1,14,1,470,1,0,1,0,5,0,0,0,0,1,0,0,36,0,0,0,0,6,0,0,0,0,0,0,0,0,0,3,0,0,0,0,0,0,0,0,0,0,23,0,0,0,0,0,0,1
5872,non_winner,2023,Profit Warnings and the following Stock Market Reaction - Understanding the effect of issuing profit warnings under different circumstances in the Nordics,2,35,153,0,0,13668,35,44,42,10,5,3,2,2,24,1,565,1,1,0,0,0,1,0,2,14,5,0,0,51,75,24,3,0,11,3,17,0,2,5,0,0,0,0,0,0,0,0,0,0,0,0,0,0,0,2,0,0,0,0,0,2,8
5873,non_winner,2023,Payment Method and Public Acquiror Returns: Evidence from the U.S. Market for Corporate Control,1,45,217,1,0,18497,45,30,30,9,4,2,0,0,0,1,1604,0,0,0,1,8,0,1,1,36,3,1,0,3,0,0,0,0,4,10,222,0,0,13,0,0,0,0,0,0,0,0,0,0,0,0,5,0,0,0,1,0,1,0,0,0,32
5874,non_winner,2023,Navigating through Economic storms - A comparative analysis of stock market responses to recent European recessions,2,35,130,0,0,10898,35,29,28,15,4,1,3,0,11,1,2475,1,0,1,0,0,0,0,0,14,0,0,0,58,9,1,0,0,1,6,0,0,3,9,0,0,0,0,5,0,0,0,0,0,0,0,0,0,0,4,0,0,0,0,0,2,20
5875,non_winner,2023,Opening The Gates to The Swedish Mortgage Market - A Study on How the Recent Emergence of Mortgage Credit Companies Affects Real Interest Rates in Sweden,2,41,131,0,0,12716,41,50,27,0,0,0,0,0,0,1,963,1,1,0,0,1,6,1,0,4,10,0,0,131,5,2,0,1,0,0,7,1,0,0,0,0,6,0,0,0,0,0,0,0,0,0,0,0,0,0,0,0,0,9,0,0,41
5876,non_winner,2023,Is there a carbon emission-return relation? Exploring the existence of a carbon emission return relation in the Swedish stock market,2,31,76,0,1,10619,31,21,20,9,3,3,1,4,3,1,,,,,,,0,6,0,2,2,0,0,56,0,16,0,0,0,0,1,0,1,0,0,0,12,13,1,0,0,14,0,0,0,6,0,0,0,18,6,0,0,0,0,0,2
5877,non_winner,2023,Shareholder Advantage and Short-Term Leverage,2,36,98,0,0,10544,36,38,38,29,15,7,5,2,1,1,1114,1,0,0,0,0,0,0,0,4,4,1,0,3,0,3,0,0,9,2,0,0,0,0,0,0,0,0,0,0,0,0,0,0,0,0,12,0,0,0,1,0,0,0,0,0,1
5878,non_winner,2023,Credible Engagements or Empty Promises? A Study of Investors' Reactions to Commitment to the Science-Based Target Initiative,2,21,166,0,1,7260,21,39,31,10,1,6,0,0,8,1,1193,0,0,0,1,1,0,2,1,1,1,0,0,2,0,0,0,0,0,0,0,0,0,5,0,0,0,0,0,0,0,0,0,0,0,0,0,0,0,2,0,0,0,0,0,0,6
5879,non_winner,2023,Do Geopolitical Risks Raise or Lower Inflation in Sweden?,2,30,178,0,1,11470,30,34,25,0,0,0,0,1,49,1,1618,1,0,1,0,0,0,0,1,0,2,0,0,164,78,0,0,0,8,5,2,0,0,0,0,0,0,0,0,0,29,0,0,0,0,0,0,0,0,0,0,0,0,4,0,0,10
5880,non_winner,2023,Unraveling the Impact: An Event Study of the Swedish Stock Market Reactions to the Riksbank's Monetary Policy Announcements,2,41,145,1,0,16577,41,22,20,6,4,0,0,6,2,1,,,,,,,0,7,1,19,2,0,0,360,1,13,0,0,9,3,46,0,5,12,0,0,0,0,0,0,0,0,0,0,0,0,0,0,0,3,0,0,0,16,0,0,0
5881,non_winner,2023,Founders And Financials- Machine Learning Algorithms in Venture Capital,2,51,274,0,0,23574,51,63,57,19,8,7,0,0,41,1,562,1,0,0,1,0,1,0,4,1,14,1,0,152,3,0,1,0,11,15,6,0,2,0,0,0,0,0,0,74,0,0,1,0,180,0,0,0,0,0,2,0,0,0,0,21,16
5882,non_winner,2023,Buck for the Bang? Abnormal Returns in Response to Arms Donation Announcements During the Russo-Ukrainian War,2,80,181,0,1,19722,80,23,21,7,2,2,0,0,26,1,435,0,0,0,0,0,8,4,0,10,10,1,0,14,28,0,2,0,22,4,1,0,7,21,2,0,0,0,0,0,2,0,0,0,1,0,0,0,0,0,1,0,0,0,0,0,16
5883,non_winner,2023,"Ferdinand, the Unpredictable Bull : Cash Flow Distribution Behavior During U.S. Recessions - An Event Time Analysis",2,35,121,1,0,11898,35,14,14,11,2,3,1,2,0,1,497,0,0,1,0,3,0,6,0,1,11,0,0,3,0,0,0,0,0,7,1,0,2,7,0,0,2,0,0,0,0,0,0,0,0,0,21,0,0,0,0,0,0,0,0,0,4
5885,non_winner,2023,Value investing and the interpretation of performance and risk,2,35,137,0,0,12832,35,35,33,20,11,6,0,0,12,1,,,,,,,1,3,0,11,0,0,0,5,24,0,0,11,11,3,0,0,1,0,0,0,0,0,0,0,0,0,0,0,0,0,0,1,0,0,0,0,0,0,0,5,31
5886,non_winner,2023,The Market's Verdict: CEO Changes and OMX-Stock Market Responses Before and During Covid-19,2,27,130,1,0,8165,28,34,34,8,2,5,0,0,3,1,395,0,0,0,0,0,0,0,0,9,1,0,0,36,3,0,0,0,0,1,100,0,2,13,0,0,0,0,0,0,0,0,0,0,0,0,0,0,0,2,1,0,0,0,0,2,23
5887,non_winner,2023,Turning with the tide,2,72,191,0,0,28317,72,20,19,7,4,0,0,1,0,1,2162,0,0,0,0,0,2,0,0,4,20,0,0,139,165,5,0,0,25,16,777,0,5,0,0,0,0,0,0,0,0,0,0,0,0,0,1,2,0,0,0,0,0,0,0,1,9
5888,non_winner,2023,Navigating the Storm: An examination of IPO Underpricing in 21st Century Crises,2,28,157,1,0,7367,28,24,22,14,6,6,1,0,19,1,882,0,0,1,0,2,1,4,0,8,0,0,0,22,0,0,0,0,6,4,0,0,1,0,0,0,0,0,0,0,0,0,0,0,0,0,0,0,0,0,0,0,0,0,0,3,0
5889,non_winner,2023,Constructing a Social Profitability Index: Socially Responsible Investing in Electric Utilities,2,27,135,1,0,10151,27,30,29,0,0,0,0,0,26,1,517,1,1,0,0,0,2,1,4,1,1,0,0,2,0,0,0,2,14,8,6,0,0,0,0,0,0,0,0,0,0,0,1,0,0,0,0,0,0,0,0,0,0,0,0,0,42
5890,non_winner,2023,Showing Off in Initial Public Offerings: The Proportion of Institutional Cornerstone Investors in IPOs and the State of the IPO Market,2,37,100,1,0,13815,37,65,62,29,12,11,1,0,44,1,,,,,,,0,2,0,20,0,0,0,43,1,1,0,0,0,0,20,0,0,0,0,0,0,0,0,1,0,0,1,0,0,0,0,0,0,0,0,0,0,0,6,4,0
5891,non_winner,2023,In the Line of Fire: A Study of Market Efficiency in the Context of Wildfires and Stock Market Reactions,2,35,100,1,0,12166,35,32,26,5,1,1,0,0,44,1,1131,1,1,1,0,0,4,6,0,13,5,1,0,3,0,0,0,0,15,0,1,0,1,1,0,0,0,2,1,0,1,13,0,0,0,0,2,4,0,0,1,0,0,0,0,0,17
5893,non_winner,2023,"""Den 25:e smäller det!"" Payday Arbitrage in Swedish Consumer Market Behavior",2,51,165,1,0,9032,51,24,19,4,0,1,0,2,14,1,603,0,0,0,0,0,0,3,0,0,9,1,0,21,0,0,0,0,5,1,0,0,0,0,0,0,31,0,7,0,0,0,0,0,0,0,0,0,0,0,1,0,0,0,0,0,0
6003,non_winner,2024,Sports Betting as an Alternative Investment,1,60,162,0,0,28665,60,78,63,3,2,1,0,1,54,1,1124,0,0,0,0,0,0,7,0,2,0,0,0,9,1,0,2,1,21,25,2,0,4,0,0,0,0,0,0,10,0,0,11,0,10,2,0,0,0,0,2,0,0,0,0,0,28
6005,non_winner,2024,The Impact of Scale in Active Fund Management: Examining Diseconomies of Scale in Actively Managed Mutual Funds Investing in European Equities,2,38,155,1,0,12947,38,22,21,11,2,3,0,0,7,1,1251,1,1,1,0,3,3,5,0,2,2,0,0,3,1,0,0,0,7,1,51,0,0,0,1,0,5,0,2,0,0,0,0,0,0,0,0,0,0,0,1,11,0,0,0,0,4
6006,non_winner,2024,Outperforming S&P 500: The power of using earnings quality in fundamental stock selection,2,35,140,1,0,15496,36,15,14,2,2,0,0,0,8,1,301,1,0,0,0,0,0,0,0,6,0,0,0,3,0,0,0,0,13,0,131,0,0,0,0,0,0,0,0,0,0,3,0,0,0,0,18,0,0,0,0,0,0,0,0,3,7
6010,non_winner,2024,Do IPOs Affect Prices of Other Assets? Evidence From a Swedish Setting,2,35,124,0,1,17382,35,27,25,12,5,2,1,2,35,1,1263,0,0,1,0,3,0,0,0,13,3,0,0,75,1,4,0,0,15,0,203,0,2,3,0,0,18,0,0,0,3,0,0,0,0,0,0,0,0,32,15,0,0,0,0,0,30
6011,non_winner,2024,Replicating Success: Adopting the Value-Added Method to Assess Managerial Skill in Luxembourg and the rest of Europe,2,30,116,1,0,7482,31,16,14,12,6,4,0,0,19,1,615,0,0,1,0,0,0,3,1,2,0,0,0,14,0,0,0,0,5,7,0,0,2,0,0,0,0,0,0,0,0,0,0,0,1,0,0,0,0,0,0,8,0,0,0,0,0
6012,non_winner,2024,Investing in trust: Examining the impact of CSR on stock returns during market crisis,1,33,119,1,0,10430,33,10,10,3,2,0,0,1,4,1,1244,0,0,0,0,1,0,0,0,7,8,0,0,25,0,5,1,0,15,0,106,0,4,0,0,0,0,0,0,0,0,0,0,0,0,0,0,0,0,14,0,0,0,0,0,0,0
6013,non_winner,2024,Riding the Wave: IPO Underpricing on the London Stock Exchange between 2008 and 2023,2,53,109,1,0,12197,53,49,41,8,4,1,1,0,53,1,2268,0,0,0,0,8,0,3,0,17,17,0,0,2,0,18,0,0,0,1,0,0,2,0,0,0,0,0,0,0,0,0,1,0,0,0,0,0,0,1,0,0,0,0,0,8,29
6016,non_winner,2024,The Effect of Insider Transactions on Stock Prices,2,30,111,0,0,8794,30,25,22,7,2,1,1,0,42,1,875,0,0,0,0,0,2,0,0,6,3,0,0,38,0,7,0,0,6,0,0,0,4,4,0,0,0,0,0,0,0,0,0,0,0,0,0,0,0,0,2,0,0,0,2,0,21
6019,non_winner,2024,Playing The Numbers Game: Examining Strategic Rounding of EPS Data in Sweden,2,46,160,1,0,13416,46,28,28,3,0,2,0,1,8,1,531,0,0,0,0,0,0,1,1,11,10,0,0,124,43,3,1,0,15,3,0,0,2,0,0,0,0,0,0,1,0,0,1,0,0,0,1,0,0,6,0,0,0,0,0,0,0
6020,non_winner,2024,Unexpected National Football Results' Influence on National Stock Markets: Differences in Integrated and Non-Integrated Markets,2,,137,1,0,14208,35,31,27,7,5,0,1,1,30,1,530,0,0,0,0,0,5,1,0,8,0,0,0,6,13,0,0,1,11,0,114,0,4,6,0,0,0,0,3,0,0,0,0,0,2,0,0,0,0,7,0,0,0,0,0,0,0
6021,non_winner,2024,"ETF Arbitrage, Executed by the Hidden Market Player",2,41,119,0,0,13142,41,21,21,11,5,2,0,0,9,1,388,0,1,0,0,1,3,8,2,7,11,0,0,34,0,0,0,0,2,0,4,0,1,0,0,0,9,0,8,0,0,16,0,0,0,0,17,1,10,0,0,0,0,0,0,0,43
6027,non_winner,2024,Inventory Effects: Market Makers' Impact on Short-term Returns,2,26,149,1,0,8080,26,3,3,3,1,2,0,0,0,1,487,0,0,0,0,0,0,0,0,1,0,0,0,25,0,0,0,0,0,2,142,0,0,0,0,0,0,0,0,0,0,0,0,0,0,0,0,0,0,0,1,0,0,0,0,0,1
6028,non_winner,2024,Unveiling the pilars of M&A performance in US. pharma: a quantitative study on short-term shareholder value in the pharmaceutical indutry,2,27,128,1,0,7600,27,21,21,5,2,2,0,0,2,1,896,1,1,1,0,0,3,2,0,9,1,0,0,21,0,0,0,0,7,3,3,0,3,24,0,0,0,0,0,0,0,0,0,0,0,0,0,0,0,3,0,0,0,0,0,2,0
6031,non_winner,2024,Pay to Win? The Effect of Commissioned Equity Research on Stock Prices,2,31,184,0,1,9282,31,19,10,5,3,2,0,0,13,1,1228,1,1,1,1,0,2,1,2,4,2,0,0,32,0,4,0,0,6,7,8,0,0,11,0,0,0,0,0,0,0,0,1,0,0,0,0,0,0,0,0,0,0,0,1,0,0
6038,non_winner,2024,"Sustainable Investing in the Nordics: What is most important - Environmental, Social or Governance Scores?",2,41,112,1,1,9224,41,46,41,7,0,4,2,3,12,1,886,0,0,0,0,0,1,2,0,10,2,0,0,23,28,2,0,0,6,2,47,0,3,0,0,0,0,0,0,0,0,0,0,0,1,0,0,0,0,2,0,0,0,0,0,0,16
6039,non_winner,2024,International Bank Flow Dynamics after the Global Financial Crisis: Measuring the Impact of Bank Regulation and Institutional Quality on Foreign Claims Growth,2,27,108,1,0,6403,27,20,20,8,3,2,0,1,6,1,1232,1,0,1,0,0,0,4,0,1,2,0,0,6,2,22,0,0,6,0,176,0,0,0,0,8,9,0,1,0,0,0,12,0,0,0,0,0,0,4,0,0,0,0,0,0,0
6040,non_winner,2024,It's Raining Yen: A Study on the Household Response to the Japanese Special Cash Payments,1,34,157,1,0,11080,34,17,15,7,0,0,1,3,22,1,623,0,0,0,0,2,0,2,0,6,4,0,0,2,0,1,0,0,13,2,207,0,2,0,0,19,46,0,3,0,0,0,7,0,0,0,0,0,0,0,0,0,0,0,0,0,3
6042,non_winner,2024,Are Sinners Winners? A Study on Sin Stock Performance Between 2020-2023,2,28,218,0,1,7792,28,45,43,17,7,4,1,1,16,1,1313,1,0,0,0,4,0,3,0,15,0,0,0,2,0,2,1,0,8,0,0,0,1,0,0,0,0,0,0,0,0,10,0,0,0,0,0,0,0,0,0,1,0,0,0,2,23
6043,non_winner,2024,Unpacking Performance: A Comparative Study of Value-Added and Alpha Metrics in Predicting Swedish Mutual Fund Manager Performance,2,35,167,1,0,16861,35,17,17,10,7,2,1,0,4,1,1654,0,0,0,0,0,0,3,0,3,0,0,1,69,0,0,0,3,10,0,6,0,1,0,0,0,0,0,0,0,0,31,0,0,0,0,0,0,0,0,2,7,0,2,0,0,0
6045,non_winner,2024,Sustainability in Active Management: Short-term Implications of the Sustainable Finance Disclosure Regulation,2,29,171,1,0,11094,29,23,19,15,5,4,2,0,11,1,1112,1,1,1,0,0,2,4,0,9,4,0,0,8,0,20,0,0,8,4,0,0,11,0,0,0,2,0,0,0,0,1,0,0,0,0,0,0,0,10,0,3,0,0,0,0,3
6050,non_winner,2024,Home Mortgage Constraints and Rental Market Frictions: Lessons from Norway,2,28,113,1,0,7520,28,33,21,5,0,0,1,0,77,1,1424,0,1,0,0,2,1,1,0,3,0,0,0,4,89,10,0,0,4,5,8,0,0,0,0,0,0,0,0,0,0,0,1,0,0,0,0,0,0,0,0,0,0,0,0,0,13
6051,non_winner,2024,Can Investors on Nasdaq Stockholm Interpret Percentages? Non-Proportional Thinking in a Swedish Setting,2,30,115,0,1,10501,30,20,20,7,1,4,2,0,9,1,,,,,,,0,3,0,3,2,0,1,62,1,0,0,0,0,2,76,0,6,14,0,0,6,0,0,0,0,0,3,0,0,0,2,0,0,0,3,0,0,2,0,0,1
6052,non_winner,2024,Hedging The Future: Diversification Benefits of Carbon Credits,2,42,138,1,0,14732,42,37,36,1,1,0,0,2,28,1,1039,0,0,1,1,0,0,2,4,2,3,0,0,2,1,3,0,0,4,7,3,0,0,0,0,0,0,0,0,0,1,0,0,0,0,0,0,0,0,0,0,0,0,0,0,0,13
6054,non_winner,2024,The Effects of Political Connections on Firms' Abnormal Returns in Thailand,2,84,197,0,0,28741,84,79,4,4,0,1,1,0,7,1,477,0,0,0,0,0,2,3,0,20,5,0,0,1,0,5,1,4,34,0,521,1,10,1,0,1,2,0,2,0,0,0,1,5,0,0,1,4,1,0,0,0,0,0,0,0,74
6056,non_winner,2024,Does Cybersecurity Risk Impact Stock Returns of Nordic Large Cap Firms?,2,26,165,0,1,12315,27,31,31,7,2,2,1,1,13,1,1115,0,0,1,1,0,0,4,1,2,8,0,0,13,45,2,1,0,5,4,18,1,0,0,0,0,0,0,0,0,0,6,0,0,2,0,0,0,0,0,0,0,0,0,0,0,9
6058,non_winner,2024,Gender at the Deal Table : A Study of Director Gender Impact in Mergers and Acquisitions,2,37,92,1,0,11864,37,44,44,19,1,9,2,0,11,1,600,1,0,0,0,7,0,1,0,5,6,0,0,7,27,0,0,0,4,3,3,0,0,0,0,0,0,0,0,3,0,0,0,0,0,1,0,0,0,14,0,0,1,0,0,4,3
6060,non_winner,2024,Household Response to Fiscal Stimulus: A Study on Japan's 2020 Special Cash Payments Scheme,1,47,168,1,0,14668,47,34,30,6,0,0,1,0,35,1,2159,0,0,0,0,4,0,4,0,11,0,0,0,2,0,2,0,0,19,7,58,0,9,1,0,38,17,0,0,0,0,0,4,0,0,0,0,0,0,0,0,0,0,0,0,0,9
6073,non_winner,2024,Leverage Constraints and the Beta Anomaly: Betting Against Beta in the Swedish Stock Market,2,46,220,1,0,14883,46,45,44,17,9,5,1,4,4,1,506,0,1,1,0,0,13,1,1,6,5,0,0,89,0,25,0,0,5,0,0,0,2,0,0,0,0,0,0,0,0,1,0,0,0,0,3,0,0,4,0,0,0,0,1,0,24
6074,non_winner,2024,Developed vs. Developing: An event study on the stock price response to the issuance of green bonds in Sweden compared to China,2,32,115,1,0,13422,32,28,28,11,0,8,0,1,24,1,521,0,0,0,1,0,0,2,1,3,22,0,0,112,6,2,0,0,12,7,6,0,2,9,0,0,0,0,0,0,0,0,1,0,0,0,0,0,0,10,0,0,0,0,0,3,21
6076,non_winner,2024,The Maturity Ambiguity: A Study on the Liquidity Premia in US Treasury Securities,2,31,118,1,0,12788,33,22,21,13,3,3,1,2,7,1,,,,,,,1,7,1,2,1,0,0,2,0,6,0,0,4,4,129,0,0,0,0,0,0,0,0,0,0,0,0,0,0,0,3,1,1,0,0,0,0,0,0,0,4
6077,non_winner,2024,The Family Factor: Family Ownership and Firm Performance in the European Market,2,30,145,1,0,9331,30,21,20,1,0,0,1,0,14,1,449,0,0,0,0,0,0,0,1,8,6,0,0,4,3,0,0,0,0,1,78,0,0,0,0,1,8,0,0,0,0,0,0,0,0,0,0,0,2,12,0,0,1,0,0,0,15
6078,non_winner,2024,Diversity Dividens: Gender Dynamics and Corporate Performance in Sweden. A Financial Perspective on Gender Diversity in Swedish Boardrooms,2,43,156,1,0,10657,43,43,41,5,0,2,0,0,50,1,1216,1,0,0,0,1,0,1,0,14,2,0,0,39,13,7,1,2,3,1,0,0,4,0,0,0,5,0,6,0,0,0,0,0,0,0,0,0,0,0,2,0,0,0,0,6,0
6079,non_winner,2024,Unveiling Market Seasonality: The Day-of-the-Week Effect on the Swedish Stock Market Across Different Market Conditions,2,34,111,1,0,10344,34,58,53,15,6,2,0,1,23,1,1745,0,0,0,0,0,0,0,0,5,0,0,0,75,1,1,0,0,0,1,3,0,0,0,0,0,0,0,0,0,19,0,0,0,0,0,0,0,0,0,0,0,0,0,1,0,21
6082,non_winner,2024,The Value of Values,2,36,156,0,0,9457,36,15,13,2,0,2,0,0,22,1,671,1,1,0,0,1,1,2,0,5,0,0,0,2,0,1,0,2,20,14,0,0,2,0,0,0,0,0,0,6,0,0,0,0,0,0,0,0,0,43,0,1,0,0,0,0,9
6084,non_winner,2024,Climate Crisis: Just Another Annual Report - An Impression Management Discourse Analysis of Organizational Decarbonization in Corporate Disclosures,2,49,165,1,0,17142,49,112,85,0,0,0,0,0,123,1,788,1,0,0,0,0,2,1,1,0,0,0,1,9,0,4,8,0,3,1,0,1,0,0,0,0,0,0,0,0,0,0,2,1,0,0,0,0,0,0,0,0,0,0,0,0,140
6206,non_winner,2024,The Carbon Conundrum: Investigating the Relationship Between Carbon Risk and Eurozone Corporate Bond Returns,2,38,188,1,0,11916,38,29,27,17,1,5,6,2,0,1,2018,0,0,1,0,0,0,1,0,15,19,0,0,2,1,7,1,2,6,0,2,0,0,0,0,0,61,2,16,0,1,0,0,0,0,0,0,0,6,0,0,0,0,0,0,0,8
6208,non_winner,2024,The Price of Going Public: Examining IPO Underpricing and Information Asymmetry During the COVID-19 Hot Issue Market,2,28,111,1,0,9206,28,30,30,15,6,6,2,0,2,1,1294,0,1,1,0,0,2,6,0,6,4,0,0,2,0,0,0,0,0,2,77,0,1,1,0,0,0,0,0,0,0,0,0,0,0,0,0,0,1,0,0,0,0,0,0,4,23
6209,non_winner,2025,Adaptive Makets and Attention-Driven Anomalies in Times of Crisis: A COVID-19 Perspective,2,41,200,1,0,12783,41,29,28,3,3,0,0,1,22,1,979,1,0,0,0,0,0,9,0,19,9,1,0,5,0,0,0,3,10,0,8,0,1,4,0,0,26,0,0,0,0,0,0,0,0,0,1,0,0,4,1,0,0,0,0,0,16
6210,non_winner,2024,An Investigation of Diseconomies of Scale in Volatile Markets under short-term Periods: Analyzing the Impact of fund-specific Variables on Mutual Fund Performance during Market Turbulence,2,36,120,1,0,11544,36,10,9,1,0,0,0,0,17,1,3415,1,1,0,0,0,1,1,0,14,7,0,0,4,0,0,0,0,3,30,5,0,2,0,0,0,1,0,2,0,0,0,0,0,0,0,0,0,0,0,2,13,0,0,0,0,0
6211,non_winner,2024,The Impact of Going Public on the Firm Scale and Commercialisation Strategy,2,37,125,0,0,12048,37,17,13,7,2,5,0,4,0,1,1298,1,0,1,0,0,0,0,0,9,4,0,1,30,0,1,0,0,6,10,4,0,5,0,0,0,10,0,0,0,0,0,0,0,0,0,0,0,0,0,4,0,0,10,0,13,0
6212,non_winner,2024,Quantifying Sources of Firm-Level Risk Through Conference Call Transcripts: A BERTopic Approach,2,57,149,1,0,18189,57,32,29,2,0,1,0,1,17,1,1910,0,0,1,1,1,0,3,3,6,3,0,0,2,0,14,1,0,7,5,47,0,2,0,0,0,1,0,0,0,0,0,0,0,0,0,6,0,0,0,0,0,0,0,0,0,12
6218,non_winner,2024,Tracking the Passive Pulse: Unraveling ETFs'    Role in Corporate Investment,2,36,120,1,0,10812,36,17,17,19,5,5,5,2,0,1,,,,,,,2,1,0,20,4,0,0,2,0,11,0,0,12,0,92,0,0,0,0,16,15,0,0,0,0,0,0,0,0,0,5,1,0,0,0,0,0,0,0,0,13
6221,non_winner,2024,ETF Flows: a Lens for Predicting Market Returns,2,41,159,1,0,18282,41,29,26,5,1,1,1,2,32,1,375,0,0,0,0,0,3,6,2,10,6,0,0,2,0,1,0,0,20,5,571,0,0,0,0,0,33,0,15,0,1,18,0,0,0,2,1,0,2,14,0,1,0,0,0,0,35
6222,non_winner,2024,Short-Termism in Swedish Corporate Investments: A Comparison of Publicly Listed and Private Firms. A Historical and Comparative Perspective.,2,48,149,1,0,16142,48,31,29,19,3,7,3,2,13,1,603,0,0,1,0,0,0,11,2,3,19,0,1,92,1,5,0,0,7,6,0,0,5,0,0,2,5,0,4,0,0,0,1,0,0,0,1,0,0,13,4,0,0,0,0,39,2
6224,non_winner,2024,Truckloads of Power: Unpacking Market Concentration in U.S. Trucking,2,51,178,1,0,16829,51,81,59,6,0,1,0,4,101,1,1037,0,0,1,0,2,0,2,1,12,10,0,0,2,0,5,0,3,6,8,13,1,5,0,0,0,3,0,0,0,0,0,0,0,0,0,7,0,5,0,0,0,0,0,0,0,36
6226,non_winner,2024,A comparative study of venture capital influence on IPO performance in the US,2,35,140,0,0,11817,35,18,18,6,3,3,0,3,0,1,,,,,,,0,3,1,5,0,0,0,2,0,0,0,0,0,0,3,0,1,0,0,0,22,0,5,0,0,0,0,0,0,0,13,0,0,0,0,0,0,0,0,0,21
6227,non_winner,2025,Deals on Hold: A Study on the Impact of Policy Uncertainty on Merger and Acquisition Activity in Sweden,2,23,81,1,0,7492,24,23,21,18,4,3,5,2,22,1,1175,1,1,1,1,4,1,0,1,8,8,0,0,43,2,1,0,0,8,0,8,0,1,0,0,0,3,0,0,14,0,0,0,0,0,0,6,0,0,13,0,0,0,0,0,1,16
6228,non_winner,2025,NAVIGATING FINANCIAL DISTRESS: THE IMPACT OF FINANCIAL LITERACY ON HOUSEHOLD-LEVEL BANKRUPTCY,2,45,139,1,0,12291,45,19,18,6,3,0,1,0,22,1,488,0,0,0,0,0,0,5,0,8,14,1,0,3,0,0,0,0,10,0,9,0,2,0,0,0,0,0,0,0,0,0,13,0,0,0,0,0,0,0,1,0,0,0,0,0,3
6231,non_winner,2025,Guilty Profits: Does the Market Reward the Unethical?,2,35,130,1,1,13775,35,25,23,12,5,3,0,2,7,1,1630,0,0,1,1,1,0,4,2,18,16,1,0,5,0,1,0,0,14,3,285,0,0,0,0,0,0,0,0,0,0,12,0,0,0,0,27,0,0,0,2,0,0,0,0,0,21
6232,non_winner,2024,Private Equity's Appetite for Engineering: Investigating the performance effects of private equity ownership during exogenous shocks,2,57,113,1,0,20425,57,26,14,7,1,2,2,3,33,1,,,,,,,0,1,0,5,7,0,0,4,5,3,0,3,5,0,180,0,45,0,0,0,40,0,0,0,0,0,3,0,0,0,0,0,0,0,0,0,0,0,0,9,9
6233,non_winner,2025,Music Sentiment and Stock Returns in Sweden,2,34,167,0,0,11866,34,39,31,12,4,4,2,2,11,1,925,0,0,1,0,0,0,8,0,10,8,0,0,98,2,1,1,0,13,2,53,0,2,0,0,0,0,0,2,0,0,0,2,0,1,0,0,0,0,8,0,0,0,0,0,0,4
6234,non_winner,2025,Do Activist Types Matter? A Comparative Analysis of Shareholder Activists,2,33,112,0,1,12619,33,31,27,9,4,3,0,5,8,1,,,,,,,1,0,0,9,2,0,0,3,0,1,0,0,0,2,81,0,1,2,0,0,10,0,0,0,0,0,1,0,0,0,7,0,0,1,1,0,0,0,0,0,13
6235,non_winner,2025,Unveiling the Puzzle of ESG Investing: An Analysis of ESG-Efficient Frontiers Across U.S. Macroeconomic Periods,2,39,106,1,0,12489,39,35,31,21,12,5,3,0,42,1,593,1,1,1,1,0,4,9,3,1,4,0,0,1,0,0,0,2,6,8,0,0,0,0,0,0,4,0,1,0,0,2,0,0,0,0,0,2,0,15,0,0,0,0,0,0,12
6237,non_winner,2026,Re-Optimizing Inequality: How Capital Income Taxes Move Wealth Distributions,2,40,137,1,0,10059,40,21,18,8,0,0,0,1,26,1,1422,1,0,1,0,2,0,1,3,1,6,0,0,34,4,0,0,0,1,18,2,0,0,0,0,0,0,0,0,0,0,0,1,0,0,11,0,0,0,0,0,0,0,2,0,0,12
6238,non_winner,2024,Sharper Strategies: Global Patterns & Local Precision in Stock Return Prediction Through Transfer Learning with Convolutional Neural Networks,1,36,122,1,0,10542,37,10,10,2,1,0,1,0,0,1,1487,0,1,0,0,0,1,3,0,3,3,0,0,2,0,0,1,1,4,3,4,0,3,0,0,0,0,0,0,0,0,2,0,0,23,0,2,0,0,3,0,0,0,0,0,0,0
6239,non_winner,2025,The Power of Indices: A Study of Joiners and Leavers to the Most Prominent Indices in the Nordics and Baltics,2,42,133,1,0,16694,43,35,28,12,7,1,0,0,14,1,549,0,1,0,0,0,1,2,1,8,7,1,0,91,22,1,0,0,10,6,295,0,6,12,0,0,0,0,0,0,0,0,0,0,0,0,0,0,0,12,0,4,0,0,0,0,18
6240,non_winner,2025,The Impact of Geopolitical Risk on Firm Behavior and Stock Returns,2,34,109,0,0,9435,35,20,20,14,7,0,1,0,0,1,1328,0,0,0,0,6,0,5,0,0,2,0,0,3,0,2,0,0,7,4,1,0,0,0,0,0,0,0,0,0,0,1,0,0,0,0,2,0,0,1,1,0,0,0,0,0,8
6242,non_winner,2025,The Price of Emissions: Decoding Green Returns,2,46,150,1,0,12525,46,14,12,6,2,2,0,0,8,1,1729,0,1,1,0,1,1,0,0,8,8,0,0,8,10,4,0,0,11,0,1133,0,0,0,0,0,10,0,0,0,0,0,0,0,0,0,0,0,0,13,0,0,0,0,0,0,10
6326,non_winner,2025,Intergenerational Wealth Mobility: How Policy Changes Affect Intergenerational Wealth Mobility in Sweden,2,30,145,1,0,8108,30,17,16,5,0,0,0,4,0,1,1170,0,0,1,0,2,0,2,1,0,4,0,0,35,3,7,0,0,6,6,2,0,1,0,0,0,1,0,0,0,0,0,0,0,0,10,0,0,0,0,0,0,0,1,0,0,5
6327,non_winner,2025,Application of CatBoost for Credit Rating Prediction,1,32,136,0,0,10240,32,32,24,3,1,2,0,1,26,1,593,1,1,0,0,0,2,0,0,1,2,0,0,4,0,0,3,0,5,11,0,1,1,0,0,0,0,0,0,1,0,0,0,0,7,0,0,0,0,0,0,0,0,0,0,3,18
6328,non_winner,2025,"Debt Maturity, Firm Liquidity, and Equity Returns: European Evidence",2,41,119,1,0,14689,41,27,27,20,10,5,2,1,2,1,238,1,1,0,0,0,2,1,3,12,14,0,0,2,0,1,0,0,0,5,4,0,0,0,0,0,0,1,0,0,0,5,0,0,0,0,0,0,0,0,0,0,0,0,0,5,2
6329,non_winner,2025,"Strength in Numbers: Reddit, Returns, and Rhetoric: Retail Investor Impact on Technology Stocks in a Politically Charged Market",2,38,132,1,0,13551,38,45,41,4,4,0,0,4,0,1,1194,1,1,1,0,0,1,1,0,4,0,0,0,3,0,3,1,0,7,4,2,0,1,2,0,0,0,0,0,0,0,0,1,0,1,0,0,0,0,0,1,0,0,0,0,0,29
6330,non_winner,2025,"Public Office, Private Gains (AN ANALYSIS OF PERFORMANCE BASED ON U.S. CONGRESS' STOCK TRADING DISCLOSURES)",2,56,106,0,0,14372,56,20,20,10,3,3,1,2,6,1,1384,1,1,1,0,3,2,7,0,0,3,0,0,4,0,1,1,0,4,4,5,0,4,0,0,0,1,0,1,0,0,0,0,0,0,0,8,0,0,0,1,0,0,0,0,1,10
6331,non_winner,2025,CSR Under Pressure: An Analysis of CSR and Stock Returns in Europe During COVID-19,2,29,152,1,0,10205,29,15,15,5,3,1,0,0,5,1,2382,1,1,1,0,0,1,2,0,5,8,0,0,4,0,7,0,0,7,0,126,0,3,0,0,0,9,0,0,0,0,0,0,1,0,0,0,0,0,35,0,0,0,0,0,0,0
6332,non_winner,2025,Does Past Performance Guarantee Future Returns? The Role of Fund Growth and Sector in Private Equity Performance Persistence,2,43,172,0,1,12801,43,17,17,10,3,4,2,3,0,1,1147,1,0,1,1,0,0,21,2,6,6,0,0,3,0,0,0,0,9,0,0,0,0,0,0,0,2,0,0,0,0,0,0,0,0,0,0,0,0,0,2,0,0,0,0,0,14
6333,non_winner,2025,"Different Minds, Better Returns? Investigating Diversity and Fund Performance in the Swedish Mutual Fund Market",2,40,148,0,1,15786,40,36,35,14,2,4,3,2,2,1,2099,0,0,1,0,1,0,5,2,13,2,0,0,50,0,1,1,0,7,1,162,0,0,0,0,0,34,0,9,0,0,0,0,0,0,0,0,0,0,0,0,11,2,0,0,0,7
6334,non_winner,2025,"Greenhouse Gas Emissions and Stock Returns: Assessing Emission Type, Firm Size, and Regional Differences",2,42,153,1,0,16729,42,36,33,10,1,5,0,6,35,1,638,0,0,0,0,0,5,3,1,11,4,0,0,2,0,7,0,0,7,0,638,0,0,0,0,0,62,0,0,0,0,0,0,0,0,0,0,0,0,24,0,0,0,0,0,0,10
6335,non_winner,2025,When Good Firms Go Private: ESG Performance and Voluntary Delisting,2,32,164,1,0,11126,32,19,17,7,2,2,2,2,20,1,553,0,1,1,0,1,1,2,1,2,5,1,1,2,1,46,1,2,4,1,3,0,44,0,0,0,12,0,0,0,0,0,1,0,0,0,0,0,0,12,0,0,0,0,0,1,13
6336,non_winner,2025,Beyond Speculation: Can Fundamental Blockchain Metrics Predict Token Returns?,2,44,121,1,1,17165,44,25,24,16,6,2,4,2,0,1,987,0,1,0,0,0,2,12,0,22,4,0,0,4,0,1,0,0,0,0,720,0,1,0,0,0,0,17,1,0,0,31,0,0,1,0,0,0,5,0,0,0,0,0,0,0,7
6337,non_winner,2025,Private Equity Ownership In Times Of Crisis: Examining The Financial Resilience Of Swedish Private Equity-Backed Companies During The Covid-19 Crisis,2,31,139,1,0,7397,31,16,12,1,0,0,1,1,19,1,1316,0,0,1,0,0,0,2,0,13,4,0,1,53,0,1,0,0,5,1,0,0,24,0,0,0,0,0,0,0,0,0,0,0,0,0,0,0,0,0,0,0,0,1,0,10,1
6338,non_winner,2025,Leading The Wallet: How Female Headship Shapes Household Financial Behaviour Across The Eurozone,2,72,158,1,0,30588,74,50,48,11,1,2,2,8,103,1,2032,1,0,1,1,0,2,1,1,20,9,0,0,3,4,0,0,0,20,3,861,0,0,0,0,0,29,0,0,0,0,0,20,0,0,0,0,0,0,0,1,0,0,0,0,0,25
6339,non_winner,2025,"Finance, Innovation, and Comparative Advantage: Financial Development and International Trade in Finance Dependent and Innovation Dependent Industries - A Global Perspective",2,38,94,1,0,13440,38,39,34,25,2,3,1,2,30,1,1941,0,0,1,1,1,0,10,2,1,16,0,0,3,0,1,0,0,9,3,5,0,3,0,0,0,7,0,0,0,0,0,0,0,0,8,5,0,0,0,0,0,0,0,0,0,41
6340,non_winner,2025,Rollover Risk and Firm Productivity: Evidence from the 2008 Credit Crunch in the United States,2,33,129,1,0,10613,34,41,40,14,2,0,4,4,3,1,1028,0,0,1,0,0,0,5,0,8,1,1,1,2,0,0,0,0,7,2,49,0,14,0,0,0,11,0,0,0,0,0,0,0,0,0,6,0,0,0,0,0,0,0,0,0,41
6341,non_winner,2025,The Entrepreneurial Ecosystem of Kosovo: A Field Study of Local Startup Entrepreneurs,1,40,131,1,0,11792,40,54,45,0,0,0,0,0,69,1,2452,0,0,0,0,0,1,0,0,1,1,0,0,8,0,1,34,0,0,4,0,0,1,0,0,0,0,0,0,0,0,0,78,2,0,0,0,0,0,0,0,0,0,0,0,0,18
6344,non_winner,2025,When Active Pays Off: The Role of Active Share in Turbulent Markets,2,32,138,1,0,10577,33,20,19,13,6,4,1,1,9,1,504,0,0,0,0,1,1,2,1,5,8,0,0,54,7,1,0,0,0,2,193,0,0,0,0,0,5,0,4,0,0,0,0,0,0,0,0,0,0,0,1,2,0,0,0,0,7
6345,non_winner,2025,Ho Ho Holdings,2,36,135,0,0,11283,36,21,18,5,3,0,1,4,23,1,436,1,1,0,1,0,2,2,1,7,5,1,0,111,56,0,4,0,15,4,15,0,0,0,0,0,0,0,0,0,0,0,8,0,0,0,1,0,0,13,0,0,1,0,0,0,19
6346,non_winner,2025,ESG in the Storm - Linking ESG Ratings and Stock Performance During Market Distress,2,39,208,0,0,15338,39,28,24,6,1,1,0,0,14,1,1153,1,1,1,0,2,1,6,0,14,9,0,0,5,0,4,1,0,18,6,306,0,0,0,0,0,17,0,12,0,0,0,0,0,0,0,0,0,0,73,2,5,0,0,0,9,26
6347,non_winner,2025,Does Size and Age Matter?,2,48,187,0,1,18351,48,32,29,8,1,4,1,0,17,1,441,0,0,0,0,1,0,2,1,17,15,0,0,47,2,2,2,2,15,0,150,0,0,0,0,0,26,0,15,0,0,0,0,0,0,0,0,0,0,7,0,0,2,0,0,0,34
6350,non_winner,2025,This Is Not Financial Advice: Investigating The Predictive And Reactive Nature Of WallStreetBets Sentiment,2,33,135,1,0,13985,34,18,0,11,5,1,3,0,2,1,998,0,0,1,0,0,0,2,1,11,0,0,0,3,0,0,0,1,11,3,159,0,1,0,0,0,0,0,0,0,1,0,1,0,0,0,0,3,0,0,0,0,0,0,0,0,1
6351,non_winner,2025,Vice and Value: Three Decades of Sin Stock Returns,2,37,191,1,0,12443,37,1,0,6,2,3,0,1,2,1,2018,1,0,1,1,0,1,7,1,6,9,1,0,6,3,1,0,0,15,7,754,0,3,0,0,0,0,0,0,0,0,21,0,0,0,0,2,0,0,0,1,0,0,0,0,0,0
6352,non_winner,2025,Exploring the Weather Effect: The Impact of Weather Factors on the Swedish Stock Market,2,29,126,1,0,11356,29,23,22,5,1,0,2,0,18,1,,,,,,,1,0,1,9,3,1,0,85,0,0,0,0,18,1,29,0,3,0,0,0,0,0,0,0,0,0,0,0,0,0,0,0,0,0,7,0,0,2,0,0,0
6354,non_winner,2025,Analyst Recommendations and Gender: Measuring the Performance of Newspaper Stock Recommendations,2,29,134,1,0,10871,29,10,10,5,3,0,2,0,7,1,1037,0,1,1,0,8,1,2,0,11,1,0,0,56,5,1,3,0,0,0,169,0,0,0,0,0,0,0,0,0,0,0,0,0,0,0,0,0,0,0,0,0,0,0,0,0,1
6356,non_winner,2025,Do Patents Pay Off? A Study of the Patent-Performance Relationship in Sweden,2,38,171,0,1,15023,38,26,26,10,2,2,0,0,24,1,1451,0,0,1,0,4,0,6,1,19,9,0,1,46,0,2,0,0,18,9,258,0,33,0,0,2,11,0,1,0,0,0,0,0,0,0,0,0,0,0,0,0,0,0,0,9,14
6362,non_winner,2025,Mispriced and Misunderstood? The Impact of Liquidity on Tracking Errors in European ETFs,2,39,131,0,1,15854,39,22,14,5,1,3,0,1,34,1,571,1,0,0,0,0,1,28,2,10,5,0,0,3,1,2,0,0,12,5,140,0,2,0,0,0,16,0,14,0,0,0,0,0,0,0,0,0,0,13,0,0,0,0,0,0,30
6364,non_winner,2025,Information Uncertainty and the Likelihood of Corporate Takeovers: Evidence from U.S. Public Firms,2,43,180,1,0,13707,43,46,45,23,7,4,3,0,0,1,618,1,0,1,0,0,0,3,0,20,10,0,0,2,0,0,0,3,10,0,0,0,0,0,0,0,26,0,2,5,0,0,0,0,0,0,9,8,0,9,0,0,0,0,0,0,17
6365,non_winner,2025,"Public Office, Private Gains? An Event Study on U.S. Congressional Stock Trades",2,38,165,0,1,10057,39,20,20,5,1,2,0,1,35,1,616,1,1,0,0,0,12,3,1,12,7,0,0,2,0,5,0,0,15,2,3,0,5,35,0,0,3,0,0,0,0,0,0,0,0,0,7,3,0,0,0,0,0,0,0,0,9
6366,non_winner,2025,Political Uncertainty and Corporate Investment in Sweden: How Uncertainty Related to Swedish General Elections Affect Corporate Investment in Swedish Public Firms,2,29,102,1,0,10189,29,18,15,8,1,1,1,0,24,1,799,0,0,0,0,2,0,0,1,12,15,1,0,66,0,11,0,0,11,3,16,0,1,0,0,0,12,0,4,0,0,0,0,0,0,0,0,0,0,4,1,0,0,3,0,0,19
6372,non_winner,2025,The Signaling Effect of Share Repurchases: Short- and Long-Run Evidence from the Swedish Market,2,39,96,1,0,10729,39,37,26,7,0,5,1,1,38,1,1112,1,1,0,0,0,2,3,4,5,1,0,0,38,0,1,0,0,5,1,63,0,1,0,0,0,0,0,0,0,0,0,0,0,0,0,0,0,0,0,1,0,0,0,0,3,63
6373,non_winner,2025,Studying the impact of Top Marginal Income Taxes on Income Inequality,1,30,105,0,0,9698,30,30,29,7,0,0,0,9,39,1,3826,1,0,0,0,4,0,1,0,1,2,0,0,2,0,0,0,0,3,2,19,0,1,0,0,0,8,0,22,0,0,0,1,0,0,1,0,0,0,0,0,0,0,0,0,0,7
6385,non_winner,2025,Payout Choices: A Comparative Study of the Impact of Share Repurchase and Dividend Increase Announcements on Abnormal Returns in Sweden,2,35,168,1,0,11272,36,9,9,22,7,9,1,0,0,1,410,0,0,0,0,0,1,3,0,1,4,0,0,43,0,1,0,0,4,0,69,0,4,11,0,0,9,0,20,0,0,0,1,0,0,0,0,0,0,0,7,0,0,0,0,6,20
6388,non_winner,2025,The Impact of Mergers on Corporate Innovation: Evidence from Decades of Patent Activity,2,33,175,1,0,10654,33,18,17,10,2,2,2,3,6,1,587,1,1,1,0,1,2,3,1,8,7,0,1,3,0,9,0,3,8,3,107,0,17,1,0,0,12,0,1,1,0,0,0,0,0,0,12,1,0,0,1,0,0,0,0,0,20
6390,non_winner,2025,Wartime Wallets: Assessing the Firm-Level Impact of the Post-2001 Fiscal Spending Shock,2,30,107,1,0,6118,30,25,22,7,2,0,3,1,16,1,497,0,0,1,0,0,0,0,0,6,4,0,1,3,0,4,0,0,4,0,0,0,11,0,0,0,11,0,2,0,0,0,0,0,0,0,5,1,0,0,1,0,0,0,0,0,8
6437,non_winner,2025,Do Environmental Leaders Perform Better During Disasters? - Evidence from the 2025 California Wildfires,2,46,153,0,1,13426,46,24,23,2,1,0,0,0,10,1,1218,1,1,1,0,0,4,0,0,14,11,0,0,0,0,1,0,0,6,1,12,0,9,7,0,0,8,0,0,0,0,0,0,0,0,0,0,0,1,14,0,0,0,0,0,0,5
6442,non_winner,2025,Independence in an Era of Interference: A Quantitative Exploration of the Relationship between Central Bank Independence and Inflation,2,42,224,1,0,9562,42,27,25,3,0,0,0,4,29,1,1234,1,1,1,0,0,4,0,0,7,4,1,0,1,1,3,0,0,5,6,87,1,1,0,0,19,19,0,3,0,0,0,0,0,0,0,0,0,0,0,0,0,0,0,0,0,11
6456,non_winner,2025,Testing the Waters: Double Announcements in Swedish Rights Issues,2,44,278,1,0,12144,44,10,10,13,4,4,0,1,31,1,2130,1,0,0,0,0,0,0,0,1,4,0,0,32,2,2,0,2,10,6,22,0,0,0,0,0,0,0,0,0,0,0,2,0,0,0,0,0,0,0,0,0,0,0,5,1,22
6538,non_winner,2025,Taking the common currency out of the common market: Redenomination risk in the eurozone,2,39,234,1,0,14618,39,35,23,3,0,1,0,0,26,1,523,0,0,0,0,0,1,4,0,6,5,0,0,4,2,0,0,0,0,0,9,0,3,0,0,0,0,0,0,0,0,0,10,0,0,0,1,2,0,6,2,0,0,0,0,0,16
6555,non_winner,2025,Debt Refinancing and Cross-Market Spillovers Into Credit Spreads,2,52,149,0,0,16413,52,25,24,14,8,1,0,4,0,1,986,1,1,1,0,0,1,2,0,9,8,0,0,2,0,0,0,0,0,3,108,0,0,0,0,0,0,7,0,0,2,0,0,0,0,0,8,0,0,3,0,0,0,0,1,0,4
6558,non_winner,2025,Brand Power Meets Market Fear: A Downside Risk Perspective,2,51,139,1,0,19482,51,33,32,8,1,4,3,2,54,1,1655,0,0,0,0,0,0,5,0,16,10,0,0,2,0,1,1,3,19,8,354,0,1,0,0,0,5,0,0,0,0,0,1,1,0,0,17,9,0,0,0,0,0,0,0,0,9
6573,non_winner,2025,Fund manager gender and investment performance -  a study of Nordic mutual funds,2,26,204,0,0,8638,26,23,23,2,0,0,0,6,2,1,492,0,0,0,0,0,1,0,0,24,16,0,0,12,13,0,0,0,1,0,5,0,0,0,0,0,0,0,0,0,0,0,0,0,0,0,0,0,0,0,0,6,0,0,0,0,5
6575,non_winner,2025,The MAX Effect and Firm-Specific Attention: How Reversals Vary with Investor Focus,2,41,134,1,0,14236,41,21,20,14,8,2,1,0,0,1,364,1,0,0,0,0,1,0,0,16,9,1,0,41,0,0,0,0,0,4,8,0,0,0,0,0,0,0,0,0,0,36,0,0,0,0,0,0,0,0,2,0,1,0,0,0,12
6576,non_winner,2025,News and carbon premium return,2,31,162,0,0,11947,31,29,28,16,2,4,6,2,0,1,1361,0,0,1,1,0,0,6,2,3,13,0,0,3,0,6,0,0,8,0,65,0,1,0,0,0,14,0,0,0,0,0,1,0,0,0,25,2,0,16,0,0,0,0,0,0,12
6577,non_winner,2025,When does payment method lose its signaling power in M&A? - Evidence from market reaction,2,45,148,0,1,11797,45,26,19,19,8,9,0,5,0,1,1080,1,0,0,1,0,0,1,1,5,8,0,0,2,0,4,0,4,12,0,0,1,1,6,0,0,9,0,0,2,0,0,0,0,0,0,0,0,0,2,0,0,0,0,0,0,18
6580,non_winner,2026,Planting Portfolios - Panel Trees in the Swedish Equity Market,2,32,225,0,0,12066,32,21,18,11,3,4,3,1,11,1,837,1,1,0,0,0,2,2,0,1,8,0,0,54,6,0,0,0,7,7,33,0,1,0,0,0,0,0,3,0,0,3,0,0,19,0,1,0,1,4,16,0,0,2,0,8,1
6581,non_winner,2026,Price overreactions in crude oil futures: Nonparametric identification of news-driven price discontinuities and their role in short-term overreactions,2,34,162,1,0,15030,34,31,0,7,2,1,2,1,20,1,1882,0,0,1,1,0,0,7,1,2,10,0,0,3,0,0,0,1,6,11,6,0,0,10,0,0,0,0,0,10,0,0,0,0,0,4,0,0,0,0,1,0,0,0,0,0,0
6583,non_winner,2026,Momentum in Sweden: Stock-Level or Industry-Level? Understanding the Source of Momentum,2,31,102,1,1,11091,32,18,18,17,9,4,3,0,1,1,263,1,1,0,0,0,1,1,0,28,3,1,0,60,0,0,0,0,0,0,146,0,0,0,0,0,0,0,0,0,0,1,0,0,0,0,3,0,0,0,1,0,0,0,0,1,4
6584,non_winner,2026,Revisiting the Index Effect: Evidence from ESG Index Additions and Deletions,2,40,165,1,0,16292,40,36,35,22,10,8,2,0,0,1,2054,1,1,0,1,1,1,5,1,13,4,0,0,2,0,3,0,0,2,6,8,0,0,12,0,0,0,0,0,0,0,0,0,0,0,0,0,0,4,0,0,3,0,0,0,0,101
6585,non_winner,2025,When Central Banks Speak: A Study on the Impact of Central Bank Announcements on the Swedish Stock Market,2,33,141,1,0,12373,33,23,22,5,2,1,0,3,2,1,,,,,,,1,4,1,15,0,0,0,185,3,3,0,0,2,4,67,0,2,12,0,0,0,0,0,0,0,0,0,0,0,0,6,0,0,0,0,0,0,0,0,0,7
6586,non_winner,2026,Drivers of Default Risk in Swedish SMEs: A Machine Learning Approach with Explainable AI,2,39,141,1,0,14545,39,41,41,5,3,0,0,0,2,1,867,1,0,1,0,1,0,2,0,0,0,0,0,22,0,0,1,0,0,9,26,0,0,0,0,0,1,0,0,0,0,0,0,0,15,22,0,0,0,0,1,0,0,3,0,9,17
6587,non_winner,2026,In The Eye of Climate Change: Air Pollution and Investor Attention,2,53,216,1,0,19463,53,68,65,27,5,7,6,6,13,1,447,1,1,0,1,0,1,10,3,12,6,1,0,4,2,19,0,0,14,1,13,0,0,0,0,0,11,0,0,0,0,2,0,0,0,0,0,0,0,12,2,0,0,0,0,0,31
6589,non_winner,2026,"The Differential Impact of Monetary Policy Shocks on Growth and Value Stocks, Evidence from an event study approach",2,29,151,0,0,11347,29,23,22,17,7,4,3,0,0,1,2237,1,1,0,0,0,1,1,0,12,7,1,0,3,0,3,0,3,0,18,4,0,5,4,0,0,2,0,0,0,0,0,2,0,0,0,3,2,0,0,1,0,0,0,0,1,51
6591,non_winner,2026,The Fund Flow Impact on Stock Returns,2,24,107,0,0,9488,24,10,8,6,1,3,1,0,6,1,1498,1,0,1,0,0,0,1,0,6,0,0,0,37,1,0,0,2,9,1,85,0,1,0,0,0,0,0,0,0,0,0,0,0,0,0,0,0,0,1,5,1,0,0,1,0,8
6593,non_winner,2026,In Times of Turbulence: How Market Volatility Shapes the Pricing of Initial Public Offerings,2,40,123,1,0,15093,40,22,22,14,6,6,0,0,1,1,158,0,0,0,0,0,3,2,3,0,11,0,0,3,0,0,0,0,7,4,419,0,1,0,0,0,0,0,0,0,0,0,0,0,0,0,2,0,0,0,1,0,0,0,0,6,8
6594,non_winner,2026,Confidence on Credit: A Study on the Role of Financial Distress in Shaping the Credibility of Share Repurchase Announcements,2,49,138,1,0,23323,49,45,38,20,6,8,3,4,25,1,1255,1,1,0,0,0,2,5,0,17,30,0,0,4,0,5,1,3,13,0,598,0,4,12,0,0,15,0,0,44,0,0,2,0,0,1,4,0,3,16,1,0,1,0,0,3,32
6595,non_winner,2026,The Impact of IPO Lockup Expiration: European Evidence,2,37,139,1,0,15640,39,10,10,19,10,3,1,1,0,1,513,1,1,0,0,0,1,3,1,23,5,0,0,23,0,0,1,0,4,3,190,0,2,14,0,0,0,0,0,0,0,0,0,0,0,0,0,0,0,1,0,0,0,0,0,0,0
6596,non_winner,2026,Leverage under Pressure: Household Liquidity and Financial Resilience during the 2022 Inflation Shock,1,30,169,1,0,10847,30,38,35,16,0,2,0,0,20,1,1365,1,1,0,0,1,2,2,0,3,11,1,1,3,0,1,0,0,8,2,92,0,17,0,0,0,0,0,1,0,0,0,26,0,0,0,0,0,0,0,1,0,0,0,0,0,49
6597,non_winner,2026,The Climate of Choice: How Weather Conditions Shape Consumer Decision-Making,2,41,200,1,0,16631,41,27,19,11,1,0,0,1,32,1,,,,,,,0,2,0,13,4,0,0,45,0,2,0,0,17,2,0,0,0,0,0,0,21,0,10,0,0,0,0,0,0,0,0,0,0,0,2,0,1,1,0,0,1
6598,non_winner,2026,The Last Chapter of the Local Bank Office?: Exploring Swedish Bank Branch Closings and their Effects on the Economy,1,30,474,1,1,8744,31,12,9,0,0,0,0,0,0,1,,,,,,,0,0,0,5,2,0,0,27,0,0,0,6,8,6,8,0,0,0,0,24,3,0,0,0,0,0,3,0,0,0,0,0,0,0,2,0,0,3,0,0,3
6600,non_winner,2026,Determinants of Acquirer Returns in Sweden: Evidence from Private-Target M&A,2,28,120,1,0,8226,28,11,10,6,4,1,0,0,7,1,460,0,0,0,0,0,0,2,0,8,4,0,0,71,2,1,1,4,11,3,0,0,0,7,0,0,0,0,0,0,0,0,0,0,0,0,0,0,0,0,3,0,0,0,0,6,2
6606,non_winner,2026,Resilience in Fiery Seas: An analysis of liquidity resilience in the Centralized ETH/USDT and Decentralized WETH/USDT cryptocurrency market,2,53,251,1,0,14355,53,31,29,2,0,1,0,2,24,1,558,0,0,0,0,0,3,4,2,5,1,0,0,2,0,0,1,4,9,10,0,0,3,0,0,0,0,0,6,0,0,0,0,0,0,0,0,0,0,0,0,0,0,0,0,0,20
6618,non_winner,2026,Dividend Anomalies: A Comparative Analysis of Sweden and the U.S.,2,31,150,1,0,11266,31,23,23,10,4,5,0,2,14,1,694,1,1,0,0,0,2,7,0,10,1,0,0,70,1,0,0,0,7,0,8,0,3,1,0,0,0,0,1,0,0,0,0,0,0,0,0,0,0,3,4,0,0,1,1,0,10
6621,non_winner,2026,Closing the Gap: Do Exit Announcements Narrow NAV Discounts in Swedish Closed-End Funds?,2,32,221,1,1,14309,32,23,22,10,4,2,2,0,0,1,1115,1,1,0,0,0,7,0,0,3,3,0,0,35,1,0,1,0,9,4,12,0,0,6,0,0,0,0,0,0,0,0,1,0,0,0,0,0,0,0,0,0,0,0,0,1,1
6686,non_winner,2026,Predetermined Demand: How Past Birth Cohorts Predict Regional House Price Growth in Sweden,2,32,118,1,0,12766,32,16,14,6,1,0,0,0,2,1,738,0,0,1,0,1,0,1,0,5,4,1,0,87,0,3,0,0,0,8,14,0,0,0,0,0,22,0,0,0,0,0,1,0,0,0,0,0,0,0,1,0,0,27,2,0,13
6687,non_winner,2026,When Similarity Sells and Diversity Delivers: The Dual Preferences Driving Mutual Fund Flows,2,35,165,1,0,12190,35,12,11,7,1,3,0,0,3,1,420,1,0,0,0,2,0,5,1,4,4,0,1,2,0,1,2,0,5,4,140,0,0,0,0,11,7,0,0,0,0,0,0,0,1,0,14,1,0,0,0,3,0,0,0,0,12
6689,non_winner,2026,Net Payout Yield and Payout Financing: Evidence from the Cross Section of Stock Returns,2,33,116,1,0,12988,33,25,25,23,7,8,2,0,0,1,469,0,0,0,0,0,1,6,1,10,3,0,0,2,0,1,1,0,0,0,200,0,0,0,0,0,0,4,0,0,0,0,0,0,0,0,45,0,0,0,0,0,0,0,0,0,2
6691,non_winner,2026,Zookeeping: A Comparison of Factor Pruning Methods,2,25,156,1,0,9244,25,27,25,20,7,4,4,2,0,1,532,1,1,1,1,0,1,0,3,0,2,0,0,2,0,0,0,0,0,6,2,0,0,0,0,0,0,7,0,0,0,1,0,0,44,0,0,0,0,0,0,0,0,0,0,0,3
6692,non_winner,2026,Consumer Behavior Around Salient Swedish Macroeconomic Announcements,2,35,162,0,0,12812,35,17,16,9,2,0,1,1,0,1,343,1,1,0,0,0,2,1,1,30,9,1,1,49,0,1,0,0,0,4,103,0,0,14,0,0,12,0,0,0,0,0,0,0,0,0,0,0,0,0,1,0,0,15,1,0,10
6724,non_winner,2026,Intangible Capital & Corporate Cash Holdings: International Evidence,2,37,150,1,0,13539,37,30,30,18,7,3,2,0,6,1,,,,,,,1,1,0,0,0,0,0,2,0,0,0,0,0,5,17,0,0,0,0,0,9,0,4,0,0,0,0,0,0,75,16,0,0,2,0,0,0,0,0,0,0
6733,non_winner,2026,Pricing the Unseen: How Intangible Assets Affect Investor Reactions to Payment Choice in Public M&A,2,43,148,1,0,18484,43,26,24,17,5,8,1,0,2,1,1044,1,1,0,0,0,1,2,2,21,24,0,0,3,0,1,0,0,14,1,546,0,0,15,0,0,28,0,0,15,0,0,0,0,0,0,6,4,0,0,1,0,0,0,0,0,35
6744,non_winner,2026,The Indexer's Dilemma - Rational choices and irrational volatility,2,46,222,0,0,15397,46,27,25,13,8,1,0,2,11,1,552,0,0,0,0,0,0,4,0,26,2,0,0,131,1,1,0,4,7,1,21,1,0,1,1,0,22,0,20,0,0,6,0,0,0,0,0,0,0,0,2,1,0,3,0,2,21
6775,non_winner,2026,When Deposits Run: An Event Study on the Collapse of Silicon Valley Bank,2,44,164,1,0,14286,44,19,19,23,5,9,4,2,12,1,439,0,0,0,1,1,0,2,2,34,4,0,0,3,0,1,0,3,8,0,87,0,7,10,0,0,11,0,21,0,0,0,0,0,0,1,2,5,0,1,0,0,0,0,0,7,11
6778,non_winner,2026,Short Selling and the Disappearing Index Effect in European Blue Chip Indexes: Evidence from the EURO STOXX 50 and the FTSE 100,2,37,257,1,0,11418,37,23,23,7,6,1,0,2,0,1,1013,1,0,0,0,6,0,0,0,6,3,0,0,2,0,6,2,0,15,9,178,0,1,0,0,0,7,0,0,0,0,0,0,0,0,0,0,0,1,2,0,0,2,0,0,4,10
6782,non_winner,2026,Active and Total Reaching for Yield: Risk-Taking in Investment Grade Corporate Bond Mutual Funds,2,39,183,1,0,17725,39,24,23,12,2,4,4,4,4,1,635,0,0,1,0,0,0,4,1,13,3,0,0,2,0,0,1,0,10,0,354,0,1,0,0,0,4,0,0,0,0,0,0,0,0,0,8,0,0,5,0,0,0,0,0,0,19
6784,non_winner,2026,ESG Firms in a Tense World: ESG Ratings and Equity Market Liquidity of European Firms under Geopolitical Risk,2,31,254,1,0,11857,31,24,22,10,2,4,2,0,8,1,977,1,1,1,0,0,1,1,3,12,1,0,0,2,0,0,0,0,5,0,3,0,1,0,0,0,22,0,8,0,0,0,0,0,0,0,0,0,0,19,0,0,0,0,0,0,34
6785,non_winner,2026,Built for Bad Times? Private Equity and Operational Performance Across Economic Downturns in Sweden,2,34,111,0,1,16409,34,35,34,14,3,4,2,1,34,1,739,1,0,0,0,0,1,5,0,25,6,1,1,51,0,0,0,0,11,5,280,0,21,4,0,0,17,0,0,0,0,0,0,0,0,0,0,0,0,0,2,0,1,5,0,25,24
6795,non_winner,2026,What the Market Reads: How EU Disclosure Harmonization Reshaped the Pricing of Swedish IPO Prospectuses,2,67,161,1,0,33090,67,25,19,9,6,1,2,0,14,1,1138,0,0,1,0,0,1,10,0,11,23,0,0,140,1,173,0,0,30,5,17,0,14,0,0,0,22,0,0,0,0,0,0,0,0,1,0,0,0,0,0,0,0,3,5,14,11
6799,non_winner,2026,The Stock Market Pricing of Green and Brown Firms: Evidence from U.S. Presidential Elections,2,68,115,1,0,25092,68,34,30,7,2,4,1,0,35,1,1017,0,0,1,0,0,1,0,3,10,9,0,0,2,0,9,0,0,3,9,477,0,0,24,0,0,0,0,0,0,0,0,2,0,0,0,2,2,0,51,0,0,0,0,0,0,4
6801,non_winner,2026,Beyond Borders and Institutional Constraints: U.S. Equity Cross-listing and Refinancing Risk in Emerging Market Firms,2,36,117,1,0,13703,36,27,26,21,10,7,1,0,0,1,925,1,1,1,1,2,2,1,3,9,10,0,1,2,0,0,0,0,7,0,332,0,6,2,0,0,32,0,0,0,0,0,0,0,0,0,14,0,0,0,0,0,0,0,0,0,37
6803,non_winner,2026,More Than a PIPE Dream: How PIPE Financing Shapes Post-Merger Performance in SPACs,2,34,176,1,0,10544,34,19,18,6,0,4,1,1,6,1,528,0,0,0,0,0,0,0,0,4,11,0,0,3,0,0,0,0,10,2,60,0,3,2,0,0,0,0,0,0,0,0,0,0,0,0,0,0,0,5,1,0,0,0,0,0,12
6805,non_winner,2026,"Artificial Intelligence Risk: Evidence from LLM-Assessed 10-K Filings, 2020-2025",2,38,161,1,0,15401,38,26,24,7,3,1,1,8,11,1,560,1,0,0,0,0,0,2,0,7,5,1,0,2,0,7,0,0,12,6,61,0,3,2,0,0,10,8,6,0,0,17,0,0,2,0,3,1,0,0,0,0,1,0,0,0,9
6810,non_winner,2026,"Anchored Owners, Drifting Discounts: Investor Sentiment in Swedish Closed-End Funds",2,34,126,1,0,12009,34,18,17,7,3,1,0,0,9,1,962,1,1,0,0,0,1,10,1,9,6,0,0,60,0,0,0,3,10,2,64,0,0,0,0,0,23,0,3,0,0,0,13,0,0,0,0,0,0,6,0,0,1,6,0,7,0
6812,non_winner,2026,Green Window Dressing in European ESG Funds,2,29,153,0,0,10528,29,36,35,11,3,1,3,3,13,1,1285,1,0,1,1,1,1,2,3,17,9,0,0,2,0,21,0,0,0,1,20,0,0,0,0,0,0,0,0,0,0,0,1,0,0,0,4,2,0,4,0,14,0,0,0,0,26
6816,non_winner,2026,Market-Perceived Artificial Intelligence: Insights from Thematic ETF Portfolio Holdings,2,42,122,1,0,12474,42,35,24,4,2,1,1,0,66,1,428,1,1,0,0,2,1,5,3,2,2,0,0,2,0,12,1,0,0,2,46,0,1,12,0,0,1,0,0,0,0,0,0,0,1,0,2,3,2,4,0,0,0,0,0,0,24
6817,non_winner,2026,Incentivizing Innovation - How private equity time horizons dictate long-term value creation,2,32,115,0,0,12741,32,18,17,7,4,2,0,5,0,1,1491,1,1,0,0,0,2,1,0,2,12,0,0,2,0,1,0,1,16,8,128,0,1,0,0,0,10,0,0,0,0,0,0,0,0,0,0,0,0,0,0,0,0,0,0,4,3
6821,non_winner,2026,"Talk, Walk, and the CSRD: Evidence on the Disclosure-Performance Gap",2,39,156,1,0,13091,39,34,21,11,2,4,3,0,0,1,834,1,0,1,1,0,0,2,3,13,12,1,1,5,23,27,3,0,9,5,64,0,47,0,0,0,21,0,0,0,0,0,0,0,0,0,0,0,0,35,0,0,0,0,0,0,5
6827,non_winner,2026,Convenience Yields in the TIPS-Treasury Bond Mispricing,2,46,220,0,0,16197,46,39,37,14,3,3,2,8,4,1,510,1,1,0,0,0,5,11,4,9,6,0,0,39,0,0,0,0,19,12,173,0,0,0,0,0,0,0,2,0,0,0,0,0,0,1,1,2,0,2,0,0,0,0,0,0,23
6828,non_winner,2026,Repricing Policy Uncertainty: News-Based and Prediction-Market Evidence on U.S. Equity Risk Premia,2,37,97,1,0,16853,37,23,20,11,2,1,3,4,27,1,1339,0,0,1,1,2,0,15,3,9,3,0,0,2,0,0,3,0,0,1,503,0,2,0,0,0,0,0,0,0,0,0,0,0,0,0,3,2,0,0,0,0,0,0,0,0,10
834,non_winner,2009,Stock and bond returns in Europe with the European Central Bank,1,47,135,0,0,12055,47,23,22,3,2,1,0,4,3,1,1112,1,0,0,0,0,0,1,0,5,4,0,0,1,0,1,0,0,10,14,0,1,3,0,0,0,0,0,0,0,18,0,0,0,0,0,0,0,0,8,0,0,0,0,0,0,0
839,non_winner,2009,"Performance Persistence, Fund characteristics and Initial Fund Performance in Swedish Mutual Funds",2,33,167,0,0,13470,33,34,33,18,13,2,1,1,0,1,834,1,0,0,1,0,2,1,2,12,3,0,0,91,0,0,2,0,15,0,0,0,3,0,0,0,0,0,0,0,0,0,0,0,0,0,0,0,0,2,0,0,0,0,0,0,2
841,non_winner,2009,Stock Returns on Football Clubs: The Effect of Surprises on the Pitch ,2,78,104,1,0,21039,78,30,25,6,3,1,0,4,26,1,300,0,0,0,0,0,4,0,0,27,0,0,0,0,0,1,0,0,0,0,57,1,3,1,0,0,1,0,0,0,0,0,0,0,0,0,0,3,0,5,0,0,0,0,0,0,0
846,non_winner,2009,Implied Dividends and Equity Returns,1,34,131,0,0,10792,34,25,23,18,1,7,3,2,3,1,492,0,0,0,0,0,0,0,0,1,4,0,0,1,0,0,0,0,5,0,149,1,2,0,0,0,0,0,0,0,0,0,0,0,0,0,0,0,2,0,0,0,0,0,0,0,5
901,non_winner,2010,Does it Pay to Read the Newspaper?: - An Analysis of Newsђ́ة Impact on Stock Prices ,2,31,148,1,1,8928,31,25,23,6,2,0,0,0,6,1,246,0,0,0,0,1,2,0,0,6,0,0,0,24,0,0,0,1,0,0,0,1,2,0,0,0,8,0,0,0,0,0,0,0,0,0,0,0,0,0,0,0,0,0,0,0,24
